postcode,n_geocoded,dist_metro_share5,dist_metro_share10,dist_metro_share25,dist_metro_share50,dist_metro_share75,dist_metro_share90,dist_metro_share100,share_within_1km,share_within_2km,share_within_3km,share_within_5km,dist_metro_mean,dist_metro_spread_km,dist_metro_p25,dist_metro_p50
0000,3,303.2962436335171,303.7018458090617,304.91865233569536,306.9466632134182,307.50506684453495,307.840109023205,308.0634704756517,0.0,0.0,0.0,0.0,305.96692504901415,5.172829017679135,304.91865233569536,306.9466632134182
1335,10,9.437762744399388,9.437762744399388,9.437762744399388,9.437762744399388,9.437762744399388,9.437762744399388,9.437762744399388,0.0,0.0,0.0,0.0,9.43776274439939,0.0,9.437762744399388,9.437762744399388
2000,5,7.548946987509612,7.55165716363972,7.559787692030047,7.729569714177106,9.146214336006611,9.226135349317092,9.279416024857413,0.0,0.0,0.0,0.0,8.252244915690136,1.7331792134779107,7.559787692030047,7.729569714177106
2001,3,8.028423694923172,8.188639122434079,8.669285404966807,9.47036254252135,11.062142734570806,12.01721084980048,12.653922926620261,0.0,0.0,0.0,0.0,9.997497912184626,4.785714659207999,8.669285404966807,9.47036254252135
2008,10,9.87450747489004,9.902608944826914,10.012633305412018,10.033965356839701,10.110760692482119,10.527148147029445,10.679467181766105,0.0,0.0,0.0,0.0,10.123710699536407,0.8330611768129401,10.012633305412018,10.033965356839701
2009,8,7.965693585506105,8.039072800539914,8.125075186996607,8.21462158124699,8.287052147147657,8.412544562392544,8.412544562392544,0.0,0.0,0.0,0.0,8.203326803690683,0.5202301919202483,8.125075186996607,8.21462158124699
2010,8,9.11447002702821,9.267327361389192,9.532091181115259,9.773370311077642,10.034315500978906,10.124945871130187,10.124945871130187,0.0,0.0,0.0,0.0,9.717171328995516,1.1633331784629597,9.532091181115259,9.773370311077642
2011,10,8.758064790171773,8.809657244963454,8.966033021050244,9.261085216927928,9.427595428458542,9.437762744399388,9.437762744399388,0.0,0.0,0.0,0.0,9.172718623334239,0.7312904090192962,8.966033021050244,9.261085216927928
2015,5,11.564676093816919,11.69737687280894,12.095479209785,12.163915118469278,13.609435215885947,13.676125073839975,13.720584979142659,0.0,0.0,0.0,0.0,12.604277967621556,2.288609664317759,12.095479209785,12.163915118469278
2016,7,10.654490427464102,10.654490427464102,10.665247910166816,10.805132790494522,10.854576525499201,10.916242698129356,10.967388427337688,0.0,0.0,0.0,0.0,10.780951502375476,0.31289799987358613,10.665247910166816,10.805132790494522
2017,7,11.572855252031554,11.824536490025734,12.276208300283749,12.39230512654952,12.614927514968933,12.779453673036665,12.99802524189213,0.0,0.0,0.0,0.0,12.356253716140625,1.6768512278547565,12.276208300283749,12.39230512654952
2018,8,13.011506102083322,13.022784724987341,13.03245211604793,13.542984838637333,14.067800103313871,14.42331455444202,14.541141907029871,0.0,0.0,0.0,0.0,13.628898522301329,1.5409144278505682,13.03245211604793,13.542984838637333
2019,8,16.063740030392275,16.153821142787756,16.687206336186698,17.12050462773553,17.228628203317598,17.380882048335195,17.69920876022586,0.0,0.0,0.0,0.0,16.9314978599215,1.7255498422290696,16.687206336186698,17.12050462773553
2020,7,13.761140835543069,13.804478332098013,13.875377721171075,14.86588398232937,14.903731991784674,15.049378746554298,15.211076864525781,0.0,0.0,0.0,0.0,14.478997658822111,1.4932735255376546,13.875377721171075,14.86588398232937
2021,10,10.259927060294434,10.330466454739797,10.470957930525117,10.618557689642873,10.784374866970884,11.066048886643308,11.146214984628616,0.0,0.0,0.0,0.0,10.651192385825206,0.9568273187795455,10.470957930525117,10.618557689642873
2022,9,12.269660350912417,12.280501722977371,12.39177882081825,12.48697756553715,12.615838391235307,12.675418116481485,12.810049679810401,0.0,0.0,0.0,0.0,12.507077181262575,0.5512307009629378,12.39177882081825,12.48697756553715
2023,10,11.168607586806253,11.59515315116281,11.762971592567595,11.835029475375546,12.196853979914154,12.279817180218394,12.582928004385884,0.0,0.0,0.0,0.0,11.87714717378104,1.8408659819361883,11.762971592567595,11.835029475375546
2024,9,13.661447636637215,13.665465778781513,13.679517583522387,13.883014972719616,14.004867084382905,14.299036045926306,14.471932996886837,0.0,0.0,0.0,0.0,13.91788567926977,0.8145035023939222,13.679517583522387,13.883014972719616
2025,10,11.137829518232303,11.137829518232303,11.27008345107758,11.324305010381542,11.525292931305074,11.69043416004094,12.270515138057364,0.0,0.0,0.0,0.0,11.433838345063515,1.132685619825061,11.27008345107758,11.324305010381542
2026,8,12.6160921703541,12.68860501496318,13.263683630715613,13.629523428053941,13.629523428053941,13.630543604006386,13.63292401456209,0.0,0.0,0.0,0.0,13.360001810165542,1.089344688817068,13.263683630715613,13.629523428053941
2027,10,9.470989350531038,9.47690763053299,9.940533664356442,10.020647737351231,10.33702655875395,10.395568258798276,10.706287225071405,0.0,0.0,0.0,0.0,10.060704094960286,1.2412161545423164,9.940533664356442,10.020647737351231
2028,9,10.232996682236074,10.250252696881555,10.414746258488654,10.574292168591606,11.05648025807436,11.063809117005702,11.093124552731071,0.0,0.0,0.0,0.0,10.697432672580707,0.8773838851404783,10.414746258488654,10.574292168591606
2029,10,11.356351311702204,11.661780736431563,11.924665360313005,12.04583486978614,12.291659389605101,12.349792788786404,12.349792788786404,0.0,0.0,0.0,0.0,11.997314168193572,1.2988709018135598,11.924665360313005,12.04583486978614
2030,10,11.020512037795552,11.11186650041245,11.20457909572913,11.518530254858131,11.540836338236506,11.681876120478245,11.697523065467836,0.0,0.0,0.0,0.0,11.396853632375954,0.768365490289181,11.20457909572913,11.518530254858131
2031,10,13.486361116892393,13.80763203266088,13.91553485991761,14.024413329358191,14.40196700459645,14.733366758294972,14.864167140529712,0.0,0.0,0.0,0.0,14.114612179446521,1.6990769394058045,13.91553485991761,14.024413329358191
2032,10,14.144347195200258,14.325081634447216,14.462821790167766,14.61477344069555,14.772784152186086,15.271149940369643,15.368851121176295,0.0,0.0,0.0,0.0,14.659988768160328,1.4052383652229956,14.462821790167766,14.61477344069555
2033,10,12.484021923861343,12.595643962035654,12.693927617754493,12.838373133883495,13.037028532012762,13.369807044377211,13.75803585002497,0.0,0.0,0.0,0.0,12.922939381746664,1.38563596433794,12.693927617754493,12.838373133883495
2034,10,15.005958715627944,15.02390049501392,15.241289171310099,15.36003567697546,15.639538002687349,16.720608664089994,16.784876238735006,0.0,0.0,0.0,0.0,15.600395440242355,1.7968593024930364,15.241289171310099,15.36003567697546
2035,10,16.246091150719717,16.336345522575716,16.50508443936781,16.926021429372,17.09947413335282,17.27390539796284,17.47218734688115,0.0,0.0,0.0,0.0,16.84702539188531,1.3163505680174268,16.50508443936781,16.926021429372
2036,10,16.38178831584307,16.464906869035637,16.48652766309754,17.17160366028013,18.8997663783025,20.477800691767925,21.464698167926873,0.0,0.0,0.0,0.0,17.96311024215901,5.166028405276371,16.48652766309754,17.17160366028013
2037,10,8.493254338237115,8.545222260261017,8.736536734107949,8.939439719672691,9.343907696029524,9.590830955958891,9.636428219325692,0.0,0.0,0.0,0.0,9.026858109607515,1.1951418031124792,8.736536734107949,8.939439719672691
2038,10,8.501930632755876,8.598383554954903,8.822941110425333,9.065483686326694,9.552030579476874,9.832244821956055,9.832244821956055,0.0,0.0,0.0,0.0,9.152041564990649,1.4267671113992062,8.822941110425333,9.065483686326694
2039,10,6.96977133729602,7.01685122332918,7.155883452916394,7.495419457676766,7.5992190715064964,7.724367501941717,7.822713342983911,0.0,0.0,0.0,0.0,7.406834771082714,0.9000218917210505,7.155883452916394,7.495419457676766
2040,8,8.745597432861786,8.90393128287953,9.102120379779583,9.664923271830993,9.884852505764018,10.24535746266517,10.250226244898927,0.0,0.0,0.0,0.0,9.542322265114054,1.6629626620548859,9.102120379779583,9.664923271830993
2041,9,5.833512202448611,6.08046112845215,6.405599879442825,6.564747533693652,6.913526758855528,6.96121340681805,7.103847954144319,0.0,0.0,0.0,0.0,6.535804311864958,1.517284677699248,6.405599879442825,6.564747533693652
2042,10,10.689374912070212,10.696757175431092,10.758167515008946,11.150127169580157,11.804253047756163,12.058472116156821,12.058472116156821,0.0,0.0,0.0,0.0,11.281111992606203,1.3764794674474885,10.758167515008946,11.150127169580157
2043,6,11.2533580595333,11.302712951939828,11.50569592353265,11.863117649037672,11.907719814203396,11.912601891125693,11.917483968047987,0.0,0.0,0.0,0.0,11.692810830701063,0.7134808009212161,11.50569592353265,11.863117649037672
2044,10,12.45541063288192,12.575111565428166,12.621669727423168,12.960636188799624,13.268565233960487,13.648673308814777,13.648673308814777,0.0,0.0,0.0,0.0,12.989695165605479,1.3129636084791017,12.621669727423168,12.960636188799624
2045,10,8.771158012876105,8.81777302675563,9.050652374337513,9.566381788185772,9.699618404885577,9.8671483009335,9.994094702693644,0.0,0.0,0.0,0.0,9.40395438049779,1.2695517036970632,9.050652374337513,9.566381788185772
2046,10,6.093015738257383,6.16795284540048,6.732450059873049,7.279272164352365,8.081532667069313,8.269611159621654,8.551763459004794,0.0,0.0,0.0,0.0,7.313883644572556,2.533684827890509,6.732450059873049,7.279272164352365
2047,10,5.640118088093042,5.646277261396778,5.873919832319926,6.411663446976085,6.672734702852625,6.789372819760479,7.100526723251531,0.0,0.0,0.0,0.0,6.319139836227508,1.4665678084622256,5.873919832319926,6.411663446976085
2048,10,10.275484464115936,10.283022097573731,10.30297771709479,10.618506885974185,10.861118118394833,11.020736948721366,11.020736948721366,0.0,0.0,0.0,0.0,10.610614348696798,0.7527901180632259,10.30297771709479,10.618506885974185
2049,9,10.360959861836179,10.494162129063922,11.080711085367508,11.326776362211051,11.49240521264877,11.5655129895503,11.604040274103305,0.0,0.0,0.0,0.0,11.147755257580135,1.376282679494869,11.080711085367508,11.326776362211051
2050,9,9.616433741662275,9.668738542249612,9.762977975047027,10.079155473445532,10.353105980475798,10.492761062502385,10.535941675213033,0.0,0.0,0.0,0.0,10.07325878145668,0.9718127341380942,9.762977975047027,10.079155473445532
2060,9,4.802278615512143,4.857202876465152,4.906283323699494,5.579473306060753,5.852164462949393,5.969254426472553,5.971408623970577,0.0,0.0,0.0,0.3333333333333333,5.398168493772372,1.2240542694114431,4.906283323699494,5.579473306060753
2061,10,6.023249647934365,6.220575923114374,6.29169939308726,6.580585623820995,6.792229937523973,6.792229937523973,6.792229937523973,0.0,0.0,0.0,0.0,6.50553339745083,0.9663065647696172,6.29169939308726,6.580585623820995
2062,9,3.516810460010991,3.5667717657563784,3.7772592296464778,4.17226593299758,4.289094888655434,4.469468132065994,4.624768744508958,0.0,0.0,0.0,1.0,4.0707088230067985,1.1579195902433543,3.7772592296464778,4.17226593299758
2063,10,2.828297048009683,2.828297048009683,3.114961167082852,3.713634216887095,4.175076556697671,4.383123380379694,4.502419442706538,0.0,0.0,0.2,1.0,3.6545779589031433,1.6741223946968549,3.114961167082852,3.713634216887095
2064,9,0.8730509085630983,0.9736652816745557,1.0538887892877535,1.2102892001588805,1.2961957685190115,1.4087764434442867,1.432822101578738,0.1111111111111111,1.0,1.0,1.0,1.1887616512016528,0.6603855661270971,1.0538887892877535,1.2102892001588805
2065,10,2.4460502667353876,2.548020506027126,2.594033306513135,3.1260898578343137,4.083762221480423,4.147015942368308,4.341993532155746,0.0,0.0,0.5,1.0,3.299745896815866,1.9979135047120966,2.594033306513135,3.1260898578343137
2066,6,1.1908648698618207,1.2456563891612267,1.5085227623663964,2.4078698718443245,3.2124154228299604,3.4194047427270178,3.5047112475151483,0.0,0.5,0.6666666666666666,1.0,2.3576436679108563,2.368637896952733,1.5085227623663964,2.4078698718443245
2067,10,0.37348287269975167,0.429911994971543,0.6793873700093321,0.9271287009083742,1.2830044139148826,1.6016338565175021,1.9698387589025887,0.5,1.0,1.0,1.0,1.0030085124486283,1.6527850084746285,0.6793873700093321,0.9271287009083742
2068,10,1.8981182988848844,2.0675873999952143,2.1052472002419544,2.2195717531571537,2.442355263090972,3.592528405348918,3.8576098474540537,0.0,0.1,0.8,1.0,2.471662361888666,2.1289606496794997,2.1052472002419544,2.2195717531571537
2069,10,1.0869399363385115,1.2949927765034215,1.9480236013332637,2.7756065831337837,3.016176490597589,3.016176490597589,3.016176490597589,0.1,0.3,0.5,1.0,2.4123422218040376,2.1372893944239877,1.9480236013332637,2.7756065831337837
2070,10,1.9077145360272747,1.9392496844313911,2.049724550504492,2.366136077567214,2.5970972352211157,2.80186047774713,3.0252821733552273,0.0,0.2,0.9,1.0,2.36092997489367,1.149102785732069,2.049724550504492,2.366136077567214
2071,8,1.6236485685436506,1.6575105708634703,2.865157503031794,3.6706880969862246,4.245668269695577,4.6952715737331365,5.256877543456461,0.0,0.25,0.25,0.875,3.470402537184073,3.6670909772326308,2.865157503031794,3.6706880969862246
2072,8,3.3104845190873236,3.393336546866459,3.6434739137837657,3.7653576220495237,3.900407402151604,4.473677408763847,5.3011951207560415,0.0,0.0,0.0,0.875,3.8967047039633327,2.073562629447853,3.6434739137837657,3.7653576220495237
2073,8,1.6341940855727446,1.8708808684835818,2.3241044138473637,3.748946290042182,5.00799641571121,5.362084756055734,5.57621161479375,0.0,0.125,0.375,0.75,3.642974188464481,4.178704312131842,2.3241044138473637,3.748946290042182
2074,10,3.3032681411912366,3.983658673308544,4.90577428959548,5.38854207119978,6.369999542449726,7.071436520430352,9.614701304688728,0.0,0.0,0.1,0.4,5.6416939977298695,6.991823695614799,4.90577428959548,5.38854207119978
2075,10,5.743254548419808,5.815335083772413,6.574024422847531,6.574024422847531,6.574024422847531,6.814548720440683,8.979267398779061,0.0,0.0,0.0,0.0,6.649996535229642,3.30809338571186,6.574024422847531,6.574024422847531
2076,10,4.711767272682459,4.9854924315212,5.442640858937822,6.76761932073242,7.661343455340912,7.983128040432284,8.470845978130143,0.0,0.0,0.0,0.1,6.601350936476649,4.032803864286426,5.442640858937822,6.76761932073242
2077,9,6.516119389565234,6.635721322719357,6.826126348247259,7.188923394951232,8.52311109015626,9.294486454734672,9.617307493459716,0.0,0.0,0.0,0.0,7.679936974227598,3.2207900370486042,6.826126348247259,7.188923394951232
2079,9,9.5888187118021,9.687867300677013,9.979020570078012,10.518079451521825,12.013256002841759,12.170144497567788,12.453250772641573,0.0,0.0,0.0,0.0,10.772089700668054,2.963480649714384,9.979020570078012,10.518079451521825
2080,10,12.685430801155526,12.707383899682341,13.076472080023374,13.546394364535704,13.98006122500383,14.078651108761346,14.078651108761346,0.0,0.0,0.0,0.0,13.474810350398448,1.4151734061326344,13.076472080023374,13.546394364535704
2081,10,15.274664849818851,15.340608097676894,16.29301434316828,17.28664650997785,20.62650245903223,20.904339998593805,20.90558199534689,0.0,0.0,0.0,0.0,18.078609437337544,5.696860393386082,16.29301434316828,17.28664650997785
2082,10,16.179116928691403,16.248650829483154,16.355673282493793,16.90576075384349,17.30658712982335,18.17691285455363,25.10999923154837,0.0,0.0,0.0,0.0,17.60941997926139,9.000416203648719,16.355673282493793,16.90576075384349
2083,8,27.253060665472603,27.253060665472603,27.253060665472603,27.542336882680534,28.387371152404576,28.519630288175993,28.65652368475228,0.0,0.0,0.0,0.0,27.79052276368743,1.4034630192796769,27.253060665472603,27.542336882680534
2084,10,12.845074292585409,13.065310748585235,13.226696783255642,13.373597264589193,13.607143466064384,13.694069834156993,13.882797796758105,0.0,0.0,0.0,0.0,13.363258498338974,1.2579599601725224,13.226696783255642,13.373597264589193
2085,10,6.383404089979974,6.553590766994318,7.290318737403793,7.917794727297908,8.571252247021114,8.6094709252677,8.725464110348687,0.0,0.0,0.0,0.0,7.8046971613686535,2.5122466973830555,7.290318737403793,7.917794727297908
2086,10,6.012233500882048,6.039371822170834,6.386467205525814,6.557820020806133,6.733945115483297,7.597976710333437,8.122871987915188,0.0,0.0,0.0,0.0,6.71033898857157,2.1377768083219255,6.386467205525814,6.557820020806133
2087,10,3.9592454362255247,4.05970619591112,4.233670359003067,4.511483767378419,4.8151267080550975,4.910501838512352,5.269070911782685,0.0,0.0,0.0,0.9,4.516968677358824,1.4102862352427548,4.233670359003067,4.511483767378419
2088,9,5.988790885354586,6.030986381851954,6.059788782102409,6.313512825343343,6.395286906446036,6.746305670115742,8.001687294385855,0.0,0.0,0.0,0.0,6.39719079985883,2.055091905528636,6.059788782102409,6.313512825343343
2089,10,4.989459686513392,4.9967117100364025,4.998323270819293,5.091878257886242,5.582234180955232,5.888745411837056,6.594160739686759,0.0,0.0,0.0,0.5,5.357921576009511,1.6119530766963779,4.998323270819293,5.091878257886242
2090,8,5.034530135926702,5.106242213978438,5.351596009785894,5.585296895536322,6.2988282845243235,6.89670276776665,6.89670276776665,0.0,0.0,0.0,0.125,5.825869415909153,1.9338847098916832,5.351596009785894,5.585296895536322
2092,10,5.296249924236934,5.419585706104285,5.591927956941996,5.858522735369265,6.256635851846597,6.458416259353879,6.458416259353879,0.0,0.0,0.0,0.0,5.881666853459538,1.2855021169842962,5.591927956941996,5.858522735369265
2093,10,7.106851588684113,7.330371613091633,7.5081038357798136,7.878573112350375,8.08808101711326,8.21960177869575,8.290237459059222,0.0,0.0,0.0,0.0,7.7764003176948195,1.4069058947826303,7.5081038357798136,7.878573112350375
2094,10,8.194068269907248,8.227193889193707,8.30576284310008,8.444203187852663,8.643238381757728,8.854900589107796,9.078110043625186,0.0,0.0,0.0,0.0,8.510461196604906,0.9171673930043944,8.30576284310008,8.444203187852663
2095,9,9.420945608078176,9.476509080192262,9.551797476095269,9.569904280559484,9.74650556091586,9.81798450292533,9.867703544704398,0.0,0.0,0.0,0.0,9.629596926487915,0.5023214087403076,9.551797476095269,9.569904280559484
2096,10,9.37243720775199,9.444468395585686,9.521538921916079,9.809023709925754,10.05519510960779,10.165383555016419,10.448995602912241,0.0,0.0,0.0,0.0,9.80523908271789,1.1485895829939494,9.521538921916079,9.809023709925754
2097,9,11.986659439791978,12.024904647096053,12.18338548657656,12.273220193553326,12.889248500489241,13.15503597871252,13.170289963208113,0.0,0.0,0.0,0.0,12.482231898191271,1.2218757307202104,12.18338548657656,12.273220193553326
2099,9,10.616613289584361,10.618643151470325,10.78792937375345,10.992446083160518,11.228182263162527,11.433298336565421,11.601923700579276,0.0,0.0,0.0,0.0,11.018010807521058,0.9873402728808767,10.78792937375345,10.992446083160518
2100,10,7.9304674559847825,8.14207195662947,8.616925305059105,8.880545881511065,9.753962163285465,9.793043757539788,9.841533526979894,0.0,0.0,0.0,0.0,8.997325939263026,2.122670571639799,8.616925305059105,8.880545881511065
2101,9,13.378511180830838,13.391510920352156,13.940984705358563,14.087643971648715,14.98327812068664,15.31488208665272,16.218500068590895,0.0,0.0,0.0,0.0,14.39625675522912,2.8529886272813734,13.940984705358563,14.087643971648715
2102,9,15.882149851556337,15.954113512325213,16.095414722607998,16.36019319227529,16.382138994119636,16.419797649113395,16.457174954712645,0.0,0.0,0.0,0.0,16.22182305969543,0.6469887639251848,16.095414722607998,16.36019319227529
2103,10,16.691489239089115,16.73461436669764,17.118338666236124,17.61375169471422,18.015366370403555,18.25774610091316,18.582664129088943,0.0,0.0,0.0,0.0,17.588112994327364,1.9343000176083542,17.118338666236124,17.61375169471422
2104,10,17.760295236018322,17.912156777058588,17.98354511608219,18.496408127183233,18.80460583868874,18.80460583868874,18.80460583868874,0.0,0.0,0.0,0.0,18.37951326190315,1.1961721437106867,17.98354511608219,18.496408127183233
2105,9,17.661209699395783,17.861921587381556,17.962277531374443,19.59232970132675,19.968850955004545,20.0301310881227,20.0301310881227,0.0,0.0,0.0,0.0,19.118264565848627,2.5696332767126933,17.962277531374443,19.59232970132675
2106,10,19.303695513807877,19.661905394594964,19.84907980619459,20.26398887153868,20.408208254063318,20.485593644720392,20.937043629314935,0.0,0.0,0.0,0.0,20.12270756036897,1.9915579962941408,19.84907980619459,20.26398887153868
2107,10,20.634393388450377,20.637913478683792,21.760437112846372,22.686293503076854,23.246209795318855,23.36888962266306,23.93617657115133,0.0,0.0,0.0,0.0,22.396225580858786,3.305303272934367,21.760437112846372,22.686293503076854
2108,9,24.345469351039995,24.514727564978667,24.702920142574303,25.30036719335618,25.73294652649662,25.805629529946096,26.096361543744,0.0,0.0,0.0,0.0,25.209623693418074,1.9201504066426764,24.702920142574303,25.30036719335618
2110,10,3.0421182932432327,3.1615714478179435,3.4471343393750233,4.15103465728087,4.512272420258691,5.2295510041110145,5.2295510041110145,0.0,0.0,0.1,0.8,4.096216799075776,2.306885865442492,3.4471343393750233,4.15103465728087
2111,9,2.9286076757032955,3.467511944628396,4.109170202154536,4.2280438848927435,4.651933891092109,4.713461328391998,4.8335826540801134,0.0,0.0,0.1111111111111111,1.0,4.132563304770517,2.443879247301918,4.109170202154536,4.2280438848927435
2112,8,2.6037036685390267,2.863170143818592,3.3457581585757743,3.8362742341144345,4.403140703211424,4.464424628866852,4.4822623818238005,0.0,0.0,0.125,1.0,3.732393303826224,2.1380251885643387,3.3457581585757743,3.8362742341144345
2113,10,0.059926736587795126,0.059926736587795126,0.24542487708348895,0.433466819350539,1.563775010411707,1.8427511285557356,1.9494576117104976,0.7,1.0,1.0,1.0,0.800441259150027,1.8895308751227025,0.24542487708348895,0.433466819350539
2114,10,3.7119316143654566,3.7119316143654566,3.7119316143654566,3.7119316143654566,3.969881160512219,4.158945435844969,4.158945435844969,0.0,0.0,0.0,1.0,3.8357276514809278,0.4470138214795125,3.7119316143654566,3.7119316143654566
2115,10,3.7808345299083204,3.787694100683453,4.216415370422815,4.540788940395704,5.157425316182275,5.622264035783221,5.713769912323931,0.0,0.0,0.0,0.6,4.689596832332873,1.9397949531907432,4.216415370422815,4.540788940395704
2116,9,5.008257599223897,5.165228384503527,5.339946767239319,5.508488562318729,5.776471436090882,5.9234367444133476,6.177161287409414,0.0,0.0,0.0,0.1111111111111111,5.553526210674028,1.3258744734651478,5.339946767239319,5.508488562318729
2117,10,4.241866907722769,4.39857032102205,4.540920402419732,4.763998122344748,5.119435312743466,5.88495958512501,6.32629705586737,0.0,0.0,0.0,0.7,4.94419252525848,2.241133561443883,4.540920402419732,4.763998122344748
2118,10,2.3202434198210957,2.343993847532823,2.7678487405790984,3.324635107509562,3.3495012990502637,3.520899769763774,4.242179156797804,0.0,0.0,0.3,1.0,3.1538102583046506,1.9456861646884356,2.7678487405790984,3.324635107509562
2119,10,1.4602823070109185,1.5895439174182122,1.8270995392666136,2.2691607518223713,2.398755006310435,2.921817375586121,2.9896571877482447,0.0,0.3,1.0,1.0,2.2023269275075146,1.65863649114462,1.8270995392666136,2.2691607518223713
2120,8,3.320655908027827,3.43415883128203,3.6071292251528577,4.5907605970109095,4.818805446355321,4.9876962825755,5.067598367831094,0.0,0.0,0.0,0.875,4.293431478826837,1.8604453830574692,3.6071292251528577,4.5907605970109095
2121,9,0.2651211174078777,0.40492454894751817,0.4970640043428281,0.550780842072423,1.6089914025671987,1.6764439709277863,1.946254244370136,0.5555555555555556,1.0,1.0,1.0,0.9865201875604581,1.8209365585018988,0.4970640043428281,0.550780842072423
2122,10,1.2941770028495894,1.3553599006283223,1.4838098882505508,1.68895125719207,2.054157439108397,2.3474354747044495,2.411379946418022,0.0,0.7,1.0,1.0,1.7657914027582156,1.1783858413471655,1.4838098882505508,1.68895125719207
2124,7,3.534980579322024,5.55337329707765,8.244563587418483,8.354619046282703,8.419398713353644,8.419398713353644,8.419398713353644,0.0,0.14285714285714285,0.14285714285714285,0.14285714285714285,7.374075746106714,6.902810851787245,8.244563587418483,8.354619046282703
2125,10,1.1197333433480245,1.2181107766256205,1.374486545500788,1.7414863939362757,1.9110486926742465,2.3080185904171038,2.3999447343645657,0.0,0.8,1.0,1.0,1.7073589051221014,1.3785888242941369,1.374486545500788,1.7414863939362757
2126,10,0.879203525434048,0.9171552535704433,1.2792065204456422,1.331787917928246,2.499846554390189,2.9595083889865417,3.1722621193582548,0.2,0.7,0.9,1.0,1.7457542377839999,2.331010322060602,1.2792065204456422,1.331787917928246
2127,8,5.7868750458811204,5.7868750458811204,5.824381682146417,6.022330697568039,6.186815085960119,6.84335854037574,8.231126146295459,0.0,0.0,0.0,0.0,6.2626552881703965,2.4442511004143386,5.824381682146417,6.022330697568039
2128,10,7.769698331913155,7.830210737251073,7.8517120029154714,8.261838467150763,8.31120851328861,8.358123625574741,8.403633312680814,0.0,0.0,0.0,0.0,8.117517026703347,0.6944473861055762,7.8517120029154714,8.261838467150763
2130,9,10.65347693955713,10.757497212934842,10.849562602552176,10.849562602552176,11.004245275833474,11.038339573687367,11.092842112998031,0.0,0.0,0.0,0.0,10.889053236438139,0.5433854468186112,10.849562602552176,10.849562602552176
2131,10,9.590931192103449,9.756849571146885,9.851844355793375,10.123520789935291,10.353599919511705,11.006161823242634,11.881749943487604,0.0,0.0,0.0,0.0,10.26950189997773,2.4567371304275927,9.851844355793375,10.123520789935291
2132,10,8.852246484172005,8.881082311386972,8.995470595284399,9.731698980372496,10.28702375042667,10.552466974720934,10.705631656586528,0.0,0.0,0.0,0.0,9.69774281001157,1.8822209996294905,8.995470595284399,9.731698980372496
2133,6,11.282160451092956,11.309893905463472,11.42880434889363,11.665483969579341,11.874763276666272,11.996660324266237,12.064247275043337,0.0,0.0,0.0,0.0,11.657346066436348,0.809820278320899,11.42880434889363,11.665483969579341
2134,9,9.438264872513521,9.514125217903201,9.619654352770786,10.128305106265637,10.3037602925425,10.344444667256582,10.454354529531862,0.0,0.0,0.0,0.0,9.942828984395208,1.0919500024080193,9.619654352770786,10.128305106265637
2135,10,9.27644954607576,9.457305768025341,9.819192172362829,10.34543690515903,10.975790128533044,11.215687321775855,11.412609874312452,0.0,0.0,0.0,0.0,10.350095363773004,2.3170165501862705,9.819192172362829,10.34543690515903
2136,9,11.105440808621521,11.126566351903712,11.245475668377377,11.274180184333282,12.107110319371952,12.313693594361819,12.375917020837978,0.0,0.0,0.0,0.0,11.56021346358424,1.2916017554986485,11.245475668377377,11.274180184333282
2137,10,5.728555082431129,5.768624053931119,6.020825838397111,6.177990885765571,7.486760028850045,7.788373601661473,8.399033831647076,0.0,0.0,0.0,0.0,6.685486215912384,2.7105477207159367,6.020825838397111,6.177990885765571
2138,10,5.824465638077171,5.824465638077171,5.85240061440238,6.1891011787690235,6.269049718272563,6.378571073327301,6.582847438403118,0.0,0.0,0.0,0.0,6.12113263631901,0.7583818003259477,5.85240061440238,6.1891011787690235
2140,10,8.989953021089473,9.269655100866608,9.982759436049582,10.070134071285594,10.148525755960916,10.18425155878256,10.266361307957272,0.0,0.0,0.0,0.0,9.89047436928848,1.5561103666449334,9.982759436049582,10.070134071285594
2141,10,8.676900500750131,8.710579957519432,8.994103685325921,10.288705799134078,11.39037022687517,11.816698078662668,12.449871408852664,0.0,0.0,0.0,0.0,10.295113268256454,3.8066503648718335,8.994103685325921,10.288705799134078
2142,10,8.428228724606601,8.45450334772978,8.972095047464961,9.164102034230508,9.164102034230508,9.200748328142405,9.530564973349472,0.0,0.0,0.0,0.0,9.019387399761033,1.1286108718660497,8.972095047464961,9.164102034230508
2143,10,12.975098234760914,12.975098234760914,13.088983992179422,13.387177699420622,13.725828919234342,14.383050502649365,14.426715620465503,0.0,0.0,0.0,0.0,13.524562869242894,1.4516173857045889,13.088983992179422,13.387177699420622
2144,10,9.228961213389418,9.58331972198031,10.222052338063639,10.222052338063639,10.309963179325488,10.694352143698211,11.959919324284675,0.0,0.0,0.0,0.0,10.252755237265392,3.08531661948615,10.222052338063639,10.222052338063639
2145,10,7.683603725284678,8.182153872608735,8.579674256699636,9.441422426330695,10.019510815447344,10.349558071743981,10.762776070662825,0.0,0.0,0.0,0.0,9.279658395001602,3.577722492702204,8.579674256699636,9.441422426330695
2146,10,5.604901192686768,5.70022940960062,5.8953462581240075,6.150067577888727,6.316995985839784,6.389682688500401,6.389682688500401,0.0,0.0,0.0,0.0,6.083782358811931,0.880109712727486,5.8953462581240075,6.150067577888727
2147,9,2.0956041913844063,2.217512343320111,2.367116729292334,3.795457828135298,4.279792929212905,6.878392457839097,7.140192794097106,0.0,0.1111111111111111,0.3333333333333333,0.7777777777777778,4.001305513023691,5.166496754648405,2.367116729292334,3.795457828135298
2148,10,5.077016589518794,5.182045694550523,5.375303410259249,6.25535336109373,7.6005434519343105,8.21231848161629,8.537842370132791,0.0,0.0,0.0,0.1,6.550968473456621,3.5658548856457264,5.375303410259249,6.25535336109373
2150,10,7.026703086895194,7.305401999360585,7.781100722743146,8.546123845963368,9.038855791747624,9.634077229126836,9.634077229126836,0.0,0.0,0.0,0.0,8.40944633123296,2.886073054697035,7.781100722743146,8.546123845963368
2151,10,3.637216660023835,3.6756397809331642,5.133175352582003,7.029540711096923,7.217847148295743,7.694119967519211,7.788043591608388,0.0,0.0,0.0,0.3,6.228321746601104,4.189250052493882,5.133175352582003,7.029540711096923
2152,10,5.097017226744143,5.603558994217522,5.8951640449873075,6.187199905232845,6.97692997866512,7.13171916401234,7.3162998392925225,0.0,0.0,0.0,0.1,6.285520894894243,2.7258243800217583,5.8951640449873075,6.187199905232845
2153,8,0.5014082058461364,0.5287665475732702,0.6041933121714826,0.7903889945599973,1.0668426058876175,1.717976419920535,2.6348286447934726,0.75,0.875,1.0,1.0,1.0211510741710592,2.16077878067447,0.6041933121714826,0.7903889945599973
2154,10,0.08162433658350225,0.11280844956384306,0.2704151693132381,0.6557331847233108,0.9229662045151907,1.2500168071924904,1.7730209939078074,0.8,1.0,1.0,1.0,0.6852018827400297,1.722580770304646,0.2704151693132381,0.6557331847233108
2155,9,1.6403891638273822,1.8251053874636585,1.9296708893690793,2.6652557563927632,2.7742181483283574,2.905393447174433,2.909494463403761,0.0,0.3333333333333333,1.0,1.0,2.3770391897629684,1.453821523212655,1.9296708893690793,2.6652557563927632
2156,10,2.21569925121771,2.3261136740635866,2.6064731901633986,2.818456682555441,7.086858970877142,8.007701452848476,8.693329013454367,0.0,0.0,0.6,0.6,4.50811950091813,6.588044185082532,2.6064731901633986,2.818456682555441
2157,10,11.278269532597406,12.218827157427812,12.670391898357426,13.068398664115362,13.095915371135472,13.240761969355468,13.260487032316227,0.0,0.0,0.0,0.0,12.71148962678337,2.9227751245492275,12.670391898357426,13.068398664115362
2158,10,2.804182213105787,3.1547090291461983,3.5273039998786855,4.463229474016224,4.644142544314526,5.050620215332997,6.882295265415666,0.0,0.0,0.1,0.9,4.322919719637646,4.42863986835029,3.5273039998786855,4.463229474016224
2159,10,9.386287909149624,9.394943075255641,9.5752015507595,10.464286584097646,11.259463715322541,12.052029106254412,12.777205994284943,0.0,0.0,0.0,0.0,10.591820655618804,3.3995732512413372,9.5752015507595,10.464286584097646
2160,10,10.129839608997848,10.301456931388563,10.64863115510389,10.904382016409443,11.101312939229162,12.005454536489735,12.292634617679726,0.0,0.0,0.0,0.0,10.987542337126046,2.33441233107259,10.64863115510389,10.904382016409443
2161,10,11.67779194204631,11.721286520425462,12.000976851994594,12.417213279818247,12.907419093157545,13.100471970783744,13.398166300504164,0.0,0.0,0.0,0.0,12.450397633573523,1.763868936837003,12.000976851994594,12.417213279818247
2162,10,13.517412015882883,13.583224785439468,13.89990969367499,14.340942411666358,14.80735801856426,15.061452730661262,15.243864627396327,0.0,0.0,0.0,0.0,14.329817952430693,1.7922653810700275,13.89990969367499,14.340942411666358
2163,10,14.459171524684587,14.948512303962712,15.339277786676453,16.124623710357035,16.40808148318976,16.467368273019197,16.875272584729604,0.0,0.0,0.0,0.0,15.806955507532482,2.9054418393231405,15.339277786676453,16.124623710357035
2164,10,11.9776564716646,12.05279983099379,13.532894417274342,13.703050211190687,13.980438483348705,14.025678300794617,14.075972292070812,0.0,0.0,0.0,0.0,13.450012715933559,2.1734591797353993,13.532894417274342,13.703050211190687
2165,10,14.505173106229824,14.583710266728493,14.69162091566961,14.992417252314208,15.11931988750843,15.245449448445589,15.869865364505898,0.0,0.0,0.0,0.0,14.977487792013159,1.4432294187747416,14.69162091566961,14.992417252314208
2166,10,16.289183007971396,16.309749962609917,16.519141357200184,17.06488123927701,17.837257027433406,18.033704064573875,18.29614201741856,0.0,0.0,0.0,0.0,17.144430109144857,2.027525964085683,16.519141357200184,17.06488123927701
2167,10,26.23420815285669,26.24941157271032,26.74277340421398,26.92868789960311,27.44175909662905,27.817540375938517,27.958189538337674,0.0,0.0,0.0,0.0,27.03325744892794,1.739184805334606,26.74277340421398,26.92868789960311
2168,10,20.07626442636735,20.19952106782385,20.29491929549271,20.844458647866357,21.29047191615337,21.80035399840442,22.25245033344933,0.0,0.0,0.0,0.0,20.911164095009372,2.2994425485384866,20.29491929549271,20.844458647866357
2170,10,19.448139560349123,19.91343962301979,20.499754648515815,22.11782846237724,24.42574826552533,25.0866892952719,25.99633193934693,0.0,0.0,0.0,0.0,22.409791349677047,7.013492441668479,20.499754648515815,22.11782846237724
2171,10,19.415397946278134,19.68907560396466,20.176020860297402,22.646923973055934,24.13533193338385,25.383107212968678,25.622998865641993,0.0,0.0,0.0,0.0,22.35968655244948,6.481278577050386,20.176020860297402,22.646923973055934
2172,9,23.290559207099733,23.32605903455949,23.437852636455034,23.55156932813302,24.430847463031846,24.430847463031846,24.430847463031846,0.0,0.0,0.0,0.0,23.85885351709171,1.175788083391872,23.437852636455034,23.55156932813302
2173,10,23.505182327773753,23.721997932277926,23.81603177518363,24.161269499139053,24.480182517864357,25.063594713965987,25.153255808231687,0.0,0.0,0.0,0.0,24.209838581156415,1.8648890849621118,23.81603177518363,24.161269499139053
2174,10,26.468592708969993,26.47738412316995,26.631895099351052,27.07549018905522,27.99716575273118,28.011330137842567,28.03056869972134,0.0,0.0,0.0,0.0,27.23985502027731,1.5707674049513045,26.631895099351052,27.07549018905522
2175,10,14.97505188633087,15.157369598116013,15.438740436949345,16.14383353568969,17.0333864079425,17.558787695763204,17.558787695763204,0.0,0.0,0.0,0.0,16.223443634642372,2.766053521217474,15.438740436949345,16.14383353568969
2176,10,14.639838045922167,14.650179686327819,16.102953276834423,16.55993653755332,17.48432417636879,18.22683381301574,18.243102370128042,0.0,0.0,0.0,0.0,16.597342321012093,3.613605964611528,16.102953276834423,16.55993653755332
2177,10,18.694456162909393,18.699867751819045,18.76678517889261,18.953392239134956,19.092481017620585,19.346142206731834,19.40710300029443,0.0,0.0,0.0,0.0,18.97769996212485,0.718058426294693,18.76678517889261,18.953392239134956
2178,10,17.49182255529469,17.79158241817193,18.46842633890687,20.21786856397207,22.129040005821604,23.585391518888194,24.004336087382075,0.0,0.0,0.0,0.0,20.38495807566901,6.8122733949646275,18.46842633890687,20.21786856397207
2179,10,23.47119958430627,23.759486367087423,25.225118505482076,26.312578241465026,27.682011218018324,28.988350399245338,29.304184681238368,0.0,0.0,0.0,0.0,26.34563683164953,6.121271879713252,25.225118505482076,26.312578241465026
2190,8,12.80448460183699,12.807525697932187,13.679562801272747,14.023427548845518,14.525246457509372,14.91753539922134,15.16528872405135,0.0,0.0,0.0,0.0,14.004290605282016,2.3638452183095566,13.679562801272747,14.023427548845518
2191,7,13.05218687979502,13.132823661857863,13.323225858943118,13.495056695536553,13.513639583057303,13.582568584172062,13.658087754563075,0.0,0.0,0.0,0.0,13.399775061690377,0.6865376568308985,13.323225858943118,13.495056695536553
2192,10,13.776915976393285,13.784961976724821,13.867180554086643,14.460100121088443,14.823645140118762,14.999132819943643,15.39639306898037,0.0,0.0,0.0,0.0,14.421502530739236,1.6275230929186186,13.867180554086643,14.460100121088443
2193,9,13.05992274511809,13.072901689071761,13.235844878292719,13.284689228850295,13.535563747912473,13.593633979009311,13.825914903396667,0.0,0.0,0.0,0.0,13.346717588471291,0.7789711022322479,13.235844878292719,13.284689228850295
2194,10,12.8881840211328,12.894276778143233,13.122499680827975,13.41548887207163,14.05660386720657,14.624899999122697,14.624899999122697,0.0,0.0,0.0,0.0,13.624504492118755,1.742808735000331,13.122499680827975,13.41548887207163
2195,10,14.402987373555158,14.405165509942526,14.530897869069934,15.083069221579386,15.470137801217776,16.236155798487474,16.290167795152044,0.0,0.0,0.0,0.0,15.150670495815461,1.889358557984254,14.530897869069934,15.083069221579386
2196,9,15.852170013799395,15.852170013799395,16.09753468138322,16.870633462461882,17.586206244825675,17.69152766663585,17.898554540554102,0.0,0.0,0.0,0.0,16.86950073501211,2.046384526754707,16.09753468138322,16.870633462461882
2197,10,15.505487153555025,15.657025327820717,15.706197996898826,16.12547051851604,16.932514823017293,17.07627389597824,17.07627389597824,0.0,0.0,0.0,0.0,16.24690408183283,1.7223249166889065,15.706197996898826,16.12547051851604
2198,10,16.995937369178435,17.025782266350635,17.18850432247604,17.331434976871574,17.52718120772944,17.74880904158354,18.02836060486562,0.0,0.0,0.0,0.0,17.38959583346102,1.062268132859387,17.18850432247604,17.331434976871574
2199,9,14.864643708249567,14.927714302293374,15.071970747639845,15.636014518727222,16.210892879915168,16.410077480466303,16.60978679642525,0.0,0.0,0.0,0.0,15.681806690346264,1.8082136822194919,15.071970747639845,15.636014518727222
2200,9,15.977643784397607,15.9893129619502,16.17158360420038,16.57400040314663,17.346536479322253,17.549157388300774,17.60124474262432,0.0,0.0,0.0,0.0,16.722083544088445,1.6352701357793062,16.17158360420038,16.57400040314663
2203,10,11.655998896812168,11.727011503633857,11.747218643227948,11.950330070107505,12.44339403683687,12.53906445005326,12.53906445005326,0.0,0.0,0.0,0.0,12.056652851037148,0.9540781600627799,11.747218643227948,11.950330070107505
2204,9,12.3109006938393,12.39262924910044,12.49335029621275,12.811413434599798,13.104529486958961,13.554369535302673,13.65627945695197,0.0,0.0,0.0,0.0,12.862240662875871,1.4271073183738068,12.49335029621275,12.811413434599798
2205,10,14.81050094424618,14.867633078953402,15.022913868539085,15.278372314076305,15.793377414618519,15.800041539436808,15.860018662801423,0.0,0.0,0.0,0.0,15.354881388248359,1.1066498532624642,15.022913868539085,15.278372314076305
2206,10,13.479597950773755,13.524048260630362,13.748201397363774,14.26921178533855,14.580371409491615,15.006609136798472,15.690737020581007,0.0,0.0,0.0,0.0,14.264844215651149,2.25558937966386,13.748201397363774,14.26921178533855
2207,10,15.306818196539554,15.332816676689276,15.493170378795114,16.60087581247162,18.201327383490764,18.511518214154087,18.665969630408785,0.0,0.0,0.0,0.0,16.835509302379158,3.385149914018953,15.493170378795114,16.60087581247162
2208,9,15.663783862998566,15.81362079768186,15.918915613814587,16.578804397383237,17.28414305366429,17.50845638970166,17.543514994028293,0.0,0.0,0.0,0.0,16.58349316076789,2.0295680657130237,15.918915613814587,16.578804397383237
2209,10,17.273269687014377,17.521856026524365,17.646555403826653,17.705092128634142,17.924512267765028,18.02791218752827,18.424809998593837,0.0,0.0,0.0,0.0,17.748315869029362,1.400126651089451,17.646555403826653,17.705092128634142
2210,10,17.618907454209328,17.618907454209328,17.801144086168396,18.754195848293463,19.968943674854387,21.68308690982355,23.063741258702024,0.0,0.0,0.0,0.0,19.272684428577044,5.444833804492696,17.801144086168396,18.754195848293463
2211,10,18.998638465548016,19.142836065164573,19.37151316968969,19.974513886913364,21.19385528545059,21.5384044877429,21.753021268150608,0.0,0.0,0.0,0.0,20.250072342387035,2.8985804022191495,19.37151316968969,19.974513886913364
2212,10,19.445569191325383,19.818727219505657,20.065174347654565,20.93018179565489,22.069001706101467,22.151758534723278,22.205112564339455,0.0,0.0,0.0,0.0,20.932572523568187,3.1327014011943426,20.065174347654565,20.93018179565489
2213,10,20.80940899517162,21.106753096761228,21.18435705995579,21.346361070671378,22.3169849851946,22.62751108998389,23.42296050723946,0.0,0.0,0.0,0.0,21.727018507366473,2.910895613657452,21.18435705995579,21.346361070671378
2214,10,20.255313431576848,20.38630476530133,20.415413950573434,20.505025377092544,20.933767174122465,21.048332167706533,21.120065313159518,0.0,0.0,0.0,0.0,20.632314478292322,0.9957432153071473,20.415413950573434,20.505025377092544
2216,9,17.318966778753456,17.369951242511487,17.503039552741487,17.92726638231955,18.059192917297285,18.33737443461261,18.48804099321308,0.0,0.0,0.0,0.0,17.860869069997786,1.2200586782176508,17.503039552741487,17.92726638231955
2217,9,18.73656818320435,18.754192660845753,18.763004899666456,18.915392799889595,19.179981335057057,20.537567522560956,21.016597629401296,0.0,0.0,0.0,0.0,19.280120078821554,2.29765392383835,18.763004899666456,18.915392799889595
2218,10,19.031167947449102,19.336917174416442,19.52143818124146,19.6950744435782,19.992886379946054,20.155824196890098,20.239405524416075,0.0,0.0,0.0,0.0,19.695693027308067,1.513986803934312,19.52143818124146,19.6950744435782
2219,10,21.202878308410824,21.365403360769402,21.401520039071308,21.71590527261158,22.071109579373996,22.10593901378216,22.10593901378216,0.0,0.0,0.0,0.0,21.69611622359853,1.0655857577299095,21.401520039071308,21.71590527261158
2220,10,18.32249043942896,18.427658594905356,19.02041810396731,19.154035161438664,19.503652399489418,19.797147146305367,19.834630914632807,0.0,0.0,0.0,0.0,19.165649313093176,1.6173086306802418,19.02041810396731,19.154035161438664
2221,10,20.839184008597663,21.08280190869,21.210051932043196,21.451931598021687,22.211700005019342,22.558624848593308,22.81087069780189,0.0,0.0,0.0,0.0,21.6824777481252,2.215304589296565,21.210051932043196,21.451931598021687
2222,10,19.16119364664268,19.165830231519667,19.327227654790207,19.675198848151012,20.15064053321148,20.225525239117214,20.505470318727838,0.0,0.0,0.0,0.0,19.74556414439894,1.3489132569621454,19.327227654790207,19.675198848151012
2223,10,20.114356084578684,20.310643253852337,20.365984760737213,20.571948830653838,21.258051458269083,22.360649261538658,22.65255965957013,0.0,0.0,0.0,0.0,20.944275758657792,2.734490744265095,20.365984760737213,20.571948830653838
2224,9,23.814932131597175,23.922304129492115,24.4695059737275,24.483010062175012,24.949919573947856,25.08209668481067,25.128808438411916,0.0,0.0,0.0,0.0,24.579289145919056,1.4212483047096818,24.4695059737275,24.483010062175012
2225,10,23.123351611562008,23.16768888206327,23.224603701226908,23.637908050480057,24.438556113372446,24.706427595768552,24.98867766820679,0.0,0.0,0.0,0.0,23.843948480324467,1.9096633271460455,23.224603701226908,23.637908050480057
2226,10,23.936266376666783,23.984147781773604,25.08523810658761,25.271278662112422,25.378241224415596,25.635480380368794,25.873707340389288,0.0,0.0,0.0,0.0,25.09171644476192,1.9853223688293298,25.08523810658761,25.271278662112422
2227,10,27.000520180906747,27.03438525894308,27.231014115468298,28.091875946513582,28.754733064207606,28.906547156499744,29.157419526833518,0.0,0.0,0.0,0.0,28.044542018632733,2.1907644239631026,27.231014115468298,28.091875946513582
2228,10,25.70637472377689,25.7559928295868,26.1767943382553,26.828360294732384,27.323693494307634,28.04900783694875,29.06315746511954,0.0,0.0,0.0,0.0,26.898741093275987,3.406400847152561,26.1767943382553,26.828360294732384
2229,9,25.78988110589331,25.792287408164277,26.130026699135428,28.773930054205202,29.348313903453022,29.63924928420353,30.386140935247642,0.0,0.0,0.0,0.0,28.085536774323103,4.598666131625301,26.130026699135428,28.773930054205202
2230,10,27.24717136083739,27.340196020118313,27.547458438779746,28.797715590908144,29.473909771711508,30.373555802638286,32.099743268799806,0.0,0.0,0.0,0.0,28.84983060558468,4.945596567243339,27.547458438779746,28.797715590908144
2231,9,23.472122439998316,23.479953920965375,23.494372586650385,23.557416612577704,23.917870323916574,23.917870323916574,23.917870323916574,0.0,0.0,0.0,0.0,23.66620831487901,0.45357936488532147,23.494372586650385,23.557416612577704
2232,10,26.428820424191084,26.778496778412165,27.05834659048522,27.160641747310443,27.616438575415017,28.64487531617871,30.205129277848624,0.0,0.0,0.0,0.0,27.527793045531872,4.1259852078786174,27.05834659048522,27.160641747310443
2233,9,30.311984372348093,30.526928655240756,30.89539380670629,31.442643768470358,32.09613396453838,33.2159079875729,33.59980424275599,0.0,0.0,0.0,0.0,31.667725332084828,3.5027641533005536,30.89539380670629,31.442643768470358
2234,10,24.44967772678265,24.71451863596026,24.963134156451424,27.25473953261642,27.842214037622313,28.6066409474432,29.321580238009545,0.0,0.0,0.0,0.0,26.717203534454164,5.136743420404507,24.963134156451424,27.25473953261642
2250,10,41.78880106155031,41.96917468498175,42.95709305640309,44.58260174485349,45.703759614156354,49.830454189507684,53.31915196249972,0.0,0.0,0.0,0.0,45.328070787669844,11.710724524380844,42.95709305640309,44.58260174485349
2251,10,37.90341457300356,38.36665897784913,38.6087789730783,40.47572638785968,41.6143091662198,42.06521546362555,42.264270743475386,0.0,0.0,0.0,0.0,40.163511660452734,4.824100575317388,38.6087789730783,40.47572638785968
2256,9,30.792499479798856,30.792499479798856,34.90872889962415,36.07454182531544,37.01025533272271,37.49175049920546,39.10430414395933,0.0,0.0,0.0,0.0,35.26519346471779,8.311804664160476,34.90872889962415,36.07454182531544
2257,10,31.89897887565751,32.02312565223746,33.38451158338146,34.31149918106803,34.95148897682754,36.1253154697695,36.650254020500256,0.0,0.0,0.0,0.0,34.2213558782203,4.875421921422699,33.38451158338146,34.31149918106803
2258,10,50.831244599559014,51.105469243423805,51.34810102499508,52.14247422479079,53.27872451411354,53.88267433407938,54.245305759353364,0.0,0.0,0.0,0.0,52.342572213161716,3.6882858036591486,51.34810102499508,52.14247422479079
2259,10,58.27878293688642,58.349074974118324,60.88787958142184,66.02381073346002,74.05812399864155,78.98761798597607,81.53041308409902,0.0,0.0,0.0,0.0,67.433654205583,23.32192218444451,60.88787958142184,66.02381073346002
2260,10,44.99524303482899,45.46546007906702,45.57291750436276,45.927041815848874,46.21506866044063,47.77897955003949,50.97740738484528,0.0,0.0,0.0,0.0,46.38048133461107,6.452381394254324,45.57291750436276,45.927041815848874
2261,10,53.22061388393109,54.739140548531246,55.21413673451007,55.97286811598451,56.91795067923954,57.50313511497392,58.17575868017255,0.0,0.0,0.0,0.0,55.86840947862733,6.473671460841622,55.21413673451007,55.97286811598451
2262,10,70.74678745163045,70.85423312454073,70.97607174705873,71.59073941529344,71.90381710969315,72.19386234944925,72.22070431354148,0.0,0.0,0.0,0.0,71.49518040265087,1.5813625348212952,70.97607174705873,71.59073941529344
2263,10,66.889115379528,66.93802359396744,67.38648098432017,68.35728594280424,69.12569720137503,69.32588726341001,69.55324591824531,0.0,0.0,0.0,0.0,68.24066649274197,2.7130387531567806,67.38648098432017,68.35728594280424
2264,10,79.60883930681949,79.65167446282965,80.07363539943367,81.77741809920064,82.76914794508313,84.52947284399278,84.89943546114141,0.0,0.0,0.0,0.0,81.74724022847153,5.333431310332088,80.07363539943367,81.77741809920064
2265,9,81.84436607431904,82.08787728095197,83.15705866925084,84.64479186219606,84.92083852593294,85.53626478076406,86.44480795176577,0.0,0.0,0.0,0.0,84.14149668074249,4.843953084079672,83.15705866925084,84.64479186219606
2267,9,88.53988112091523,88.74131867440182,88.84203745114512,89.16652219400132,89.3419723320446,89.42637671900869,89.42637671900869,0.0,0.0,0.0,0.0,89.06159316534084,1.08793315158006,88.84203745114512,89.16652219400132
2278,9,98.94832872808857,98.94832872808857,101.46927428036236,102.2770886945595,103.75474269129472,103.93896744716247,103.93896744716247,0.0,0.0,0.0,0.0,102.06315280313646,4.9906387190739,101.46927428036236,102.2770886945595
2280,10,93.42712521015703,93.47450431601813,94.48391672744211,96.04024459299382,97.83025628203836,98.31777020908909,98.59712224094078,0.0,0.0,0.0,0.0,96.1183064477997,5.217376136644845,94.48391672744211,96.04024459299382
2281,9,84.53437577014877,85.1377499176483,86.76798509430898,88.79484731130744,89.62649632382686,90.7175882929603,90.7175882929603,0.0,0.0,0.0,0.0,88.1357412033639,6.786586670311067,86.76798509430898,88.79484731130744
2282,10,99.15696084743102,99.45134329839698,100.61156993723912,101.2335331234986,102.01009575744348,102.2319907106526,102.76107638936257,0.0,0.0,0.0,0.0,101.09109457088769,3.898497992897518,100.61156993723912,101.2335331234986
2283,10,93.19185605952674,93.19185605952674,93.30432846147141,94.31551894119796,95.14817071436107,95.95568218935074,97.30257221816225,0.0,0.0,0.0,0.0,94.50337428951808,4.110716158635512,93.30432846147141,94.31551894119796
2284,10,101.79375065171074,102.880577361441,103.15845427442196,103.26753387354462,103.32614264289775,103.40606271062761,104.12534332019638,0.0,0.0,0.0,0.0,103.08574856275993,3.4184193782159014,103.15845427442196,103.26753387354462
2285,9,103.59593425355962,103.84165807068482,104.2429272045509,105.29000547556147,105.8932279289645,105.93063430787328,106.04833710567273,0.0,0.0,0.0,0.0,105.00493317979351,2.698126669238306,104.2429272045509,105.29000547556147
2286,10,104.68709658423711,104.87370265778063,105.0995580517596,105.28900834915824,105.49811068134768,105.99442870388808,106.03324362753918,0.0,0.0,0.0,0.0,105.32101419307992,1.5327531168455835,105.0995580517596,105.28900834915824
2287,10,108.3111940915192,108.94272464632692,109.86808000198654,110.20419873447781,111.12063432471079,111.68578770192745,111.80061560538307,0.0,0.0,0.0,0.0,110.22464595969416,4.120952068671613,109.86808000198654,110.20419873447781
2289,10,105.24080415320807,105.3156837112996,105.75247455808547,106.14493025656418,107.11848521766063,108.09261762600174,108.8208919008373,0.0,0.0,0.0,0.0,106.52888417556002,3.6549673057207315,105.75247455808547,106.14493025656418
2290,9,101.44368888899224,102.02249419257478,102.58587816262313,103.3224833105246,103.93668290035144,105.26503707757253,105.51830936152172,0.0,0.0,0.0,0.0,103.37198593278549,4.653425776112016,102.58587816262313,103.3224833105246
2291,10,108.2792228380495,108.2792228380495,108.59034897547238,108.93249223748961,109.44596181378502,109.64205084566458,109.7172054722503,0.0,0.0,0.0,0.0,108.99739965720059,1.437982634200793,108.59034897547238,108.93249223748961
2292,10,109.42045562124997,109.44266923569752,109.70025494507858,109.77135704423964,110.46375970177876,110.46375970177876,110.46375970177876,0.0,0.0,0.0,0.0,109.96441103870174,1.06551769497635,109.70025494507858,109.77135704423964
2293,10,110.98527561461061,110.99231485669954,111.09580536035605,111.24122865470895,111.39003117747102,111.87366551734824,111.87699164437343,0.0,0.0,0.0,0.0,111.31765334823653,0.8987552718517406,111.09580536035605,111.24122865470895
2294,10,112.05274663928424,112.10221244960533,112.16689742294078,112.35575436520458,112.57632855798786,112.67080207067778,112.72409588678325,0.0,0.0,0.0,0.0,112.37016114683202,0.7208150578201185,112.16689742294078,112.35575436520458
2295,10,113.270177476698,113.80348792911762,114.55050259059549,116.01765450693404,118.96685382283204,119.72424171984227,120.27112576241727,0.0,0.0,0.0,0.0,116.47276395259465,7.534258738138902,114.55050259059549,116.01765450693404
2296,10,111.23092486353153,111.24102274425769,111.27914824211285,111.32607388130603,111.46845462607283,111.488754526925,111.5176539261532,0.0,0.0,0.0,0.0,111.35845437544076,0.2968269433478383,111.27914824211285,111.32607388130603
2297,10,111.92740079096139,112.00862871367681,112.04471943816651,112.28468455317245,112.44389091903584,112.47903861622925,112.48366858611128,0.0,0.0,0.0,0.0,112.24177149634019,0.6374957178653347,112.04471943816651,112.28468455317245
2298,8,110.63506873323063,110.67529546751554,110.92937992498943,111.26860208182043,111.57114299002141,111.75513511839387,111.84200462864493,0.0,0.0,0.0,0.0,111.24081690588578,1.2471626296992042,110.92937992498943,111.26860208182043
2299,10,109.86278003326855,109.92209666892002,110.05863319834538,110.29382283199791,110.54915606894053,110.63826793131004,110.73430663184301,0.0,0.0,0.0,0.0,110.28808627422075,0.9308432342259323,110.05863319834538,110.29382283199791
2300,10,110.53326875029506,110.74720779429303,110.97515243197313,111.05125442429389,111.39722909251451,111.66297950689292,111.98787781338322,0.0,0.0,0.0,0.0,111.14235775156119,1.6685481070861385,110.97515243197313,111.05125442429389
2302,6,110.53271426209957,110.56990158018685,110.6553669499431,110.73987363282744,110.82357794527277,110.85230648767106,110.87021175330062,0.0,0.0,0.0,0.0,110.72069390022845,0.37468480928831127,110.6553669499431,110.73987363282744
2303,10,108.94283804230024,109.1303447176732,109.93557615378934,110.16868780411035,110.342443510653,110.3779326075417,110.61474408584701,0.0,0.0,0.0,0.0,109.98585247708559,1.859412718919728,109.93557615378934,110.16868780411035
2304,10,112.11167874468622,112.37783227513863,112.94755650832232,113.21211065621924,113.42127615136197,113.47092502530747,113.90466248848793,0.0,0.0,0.0,0.0,113.08558823759918,2.0591372742541267,112.94755650832232,113.21211065621924
2305,10,106.5786238459753,106.73699078154807,106.98872016591905,107.81264676118667,108.426357939115,108.59101886258375,108.81181017193876,0.0,0.0,0.0,0.0,107.69793099830736,2.391553261536245,106.98872016591905,107.81264676118667
2306,10,100.02819164940118,100.09781686669008,100.14600854544145,100.24800424947814,100.86019285247087,101.25725813861467,101.27435010457506,0.0,0.0,0.0,0.0,100.50724967280838,1.3157836724627714,100.14600854544145,100.24800424947814
2307,10,111.44694465364051,111.51883966767612,111.88803202644691,112.61648758307376,112.96231650998419,113.05390698890386,113.19795129424622,0.0,0.0,0.0,0.0,112.43798631295954,1.8229016546413135,111.88803202644691,112.61648758307376
2311,8,151.20783879073343,151.5670381820016,152.00990154923704,154.621367166242,158.66290959805042,159.60020951121874,160.07140518246717,0.0,0.0,0.0,0.0,155.23858187916431,9.222765783001933,152.00990154923704,154.621367166242
2312,10,211.88892046688446,212.59051480283037,212.84825873439482,217.0068878454294,221.13665449252753,222.57077780760565,224.19089778516357,0.0,0.0,0.0,0.0,217.21136061363944,13.003571654225027,212.84825873439482,217.0068878454294
2315,9,147.3241009096939,147.33472567765656,148.02914538090616,148.29719424842747,150.4475896170663,150.9064959917816,150.982820213903,0.0,0.0,0.0,0.0,149.02738202312747,3.669344072171782,148.02914538090616,148.29719424842747
2316,10,137.67911933571347,140.03747219497583,140.63773181313223,140.96566278387303,141.15878761805473,141.56647889696578,143.17797558995454,0.0,0.0,0.0,0.0,140.6013388570889,7.857209113503416,140.63773181313223,140.96566278387303
2317,10,144.9767438203756,145.48353983617855,145.76245899451504,146.10171484529172,146.27535612935478,146.4340655632752,146.4340655632752,0.0,0.0,0.0,0.0,145.91884538845238,1.9641177587025709,145.76245899451504,146.10171484529172
2318,8,132.32890387230952,132.99525190956209,133.94541228925033,134.37911751977785,135.9528652216907,136.25854009673532,136.3271268272186,0.0,0.0,0.0,0.0,134.5594987273637,4.664570992161629,133.94541228925033,134.37911751977785
2319,10,140.23617797444248,140.23617797444248,140.44570156874377,141.53708948739444,142.23969083930328,142.54578633705293,142.58929039819435,0.0,0.0,0.0,0.0,141.40844771704684,2.353112423751867,140.44570156874377,141.53708948739444
2320,8,115.17122078667767,117.85375327075892,120.68278127175105,121.17832626635965,122.51756789139375,125.78386938945258,126.68719576035284,0.0,0.0,0.0,0.0,121.18744163037874,14.19850745775642,120.68278127175105,121.17832626635965
2321,10,111.866475266791,111.866475266791,112.75305210982648,115.62449925110174,120.60747941071656,125.49974273233309,127.23274851261074,0.0,0.0,0.0,0.0,117.44081143462245,15.366273245819741,112.75305210982648,115.62449925110174
2322,10,119.78059698785788,120.38580923744746,122.08810227188772,123.04247468023785,123.19189727913553,123.2300953387282,123.50532938859355,0.0,0.0,0.0,0.0,122.31592202588749,4.32994465032526,122.08810227188772,123.04247468023785
2323,10,118.65731481570677,118.94326456823364,120.50710182389244,121.3919668425741,121.49251031149608,122.7673933226703,123.18195771832177,0.0,0.0,0.0,0.0,121.02341592865409,4.8105926551418605,120.50710182389244,121.3919668425741
2324,10,127.27617124486846,127.27617124486846,128.12121463382394,135.670434679827,149.20849902736603,156.24579677477536,159.39428386880874,0.0,0.0,0.0,0.0,139.57445123099492,32.11811262394028,128.12121463382394,135.670434679827
2325,10,99.85809822160739,100.46775069463914,102.280479493688,102.68039671241903,103.48501542637962,103.76408850792251,104.87663925520076,0.0,0.0,0.0,0.0,102.51652160402122,5.628193506625109,102.280479493688,102.68039671241903
2326,8,108.44847874094633,108.73642725845646,109.02553699429944,109.43373087609004,109.95642537391063,111.89976260974272,115.36215075548368,0.0,0.0,0.0,0.0,110.07902175686576,7.201620532047471,109.02553699429944,109.43373087609004
2327,7,109.21207415253713,109.50847155408694,110.08059863006378,110.28164819806695,110.5927236237203,110.77273489186449,110.77273489186449,0.0,0.0,0.0,0.0,110.18810062121243,1.8570581408771574,110.08059863006378,110.28164819806695
2328,8,146.0477799857644,146.13373796987122,146.25911420304976,146.93520419996307,147.0956356713466,147.16004871345612,147.16670967073753,0.0,0.0,0.0,0.0,146.714376676393,1.2048876690799375,146.25911420304976,146.93520419996307
2329,10,168.9996963697802,169.1703012454904,175.14717690930172,179.78974142723288,180.4160936366434,205.69004880353904,214.13969292819476,0.0,0.0,0.0,0.0,183.0376143578814,45.31060143412475,175.14717690930172,179.78974142723288
2330,10,97.92988562612199,104.82358008507252,108.70436038372938,126.3336515718243,126.97109838992115,129.67635034507518,131.1211399840523,0.0,0.0,0.0,0.0,118.17519306417137,40.084948816880825,108.70436038372938,126.3336515718243
2333,9,156.41009324589862,156.56851744210812,157.08971364377635,157.27875022767128,160.02525345272363,161.14499744367157,163.66539500006434,0.0,0.0,0.0,0.0,158.69312154139038,7.413725950375209,157.08971364377635,157.27875022767128
2334,10,119.38002304404313,119.57265176828815,119.89180184741278,120.50171859627903,121.12746405302178,121.28228877810541,122.2767156669492,0.0,0.0,0.0,0.0,120.52046683361046,3.089321347151099,119.89180184741278,120.50171859627903
2335,4,121.37505537987937,121.46492146353101,121.73451971448597,121.99661527791258,123.10790738260033,124.90605940782531,126.10482742464197,0.0,0.0,0.0,0.0,122.84581181917372,4.819638128414255,121.73451971448597,121.99661527791258
2336,10,169.076159011697,169.076159011697,169.2058720408131,169.3096227969416,169.60926619681945,169.84165653086797,170.26767986061213,0.0,0.0,0.0,0.0,169.43514323654495,1.1915208489151325,169.2058720408131,169.3096227969416
2337,10,182.5145258732455,182.71026234035938,182.93995395406117,183.14565269289,183.7186751304004,185.52076125474576,195.12441799912673,0.0,0.0,0.0,0.0,184.4047760116046,12.805628592995077,182.93995395406117,183.14565269289
2338,7,211.74860788188377,212.8547896708434,214.32969872278952,214.7310071539262,215.19305376097415,226.44018947037137,243.2534342310828,0.0,0.0,0.0,0.0,218.2389103493515,32.61100813815861,214.32969872278952,214.7310071539262
2339,9,217.82448156309948,218.3848604051049,220.28864775735153,225.79317358081659,227.69043852766714,228.19902887442643,229.07705159905456,0.0,0.0,0.0,0.0,224.29139439005846,11.812948877960451,220.28864775735153,225.79317358081659
2340,10,285.8726657699707,285.90340187464074,288.85731422317735,289.0067134994056,289.95320009136805,291.47465811356824,295.81609472465533,0.0,0.0,0.0,0.0,289.3816151033568,9.974165059354675,288.85731422317735,289.0067134994056
2341,10,260.78334697365267,260.7868508703742,260.78762951409016,261.21774434372963,262.40197855435656,262.5032283773089,263.1035601417631,0.0,0.0,0.0,0.0,261.5853169817925,2.323717064832067,260.78762951409016,261.21774434372963
2342,9,270.28457152726224,270.3818650028163,270.48717168921513,270.52283049967656,271.39138695810095,271.711235076152,272.9906275483562,0.0,0.0,0.0,0.0,270.9505066258767,2.803349496648025,270.48717168921513,270.52283049967656
2343,10,230.30598115855486,233.86354512322194,234.65411489314795,239.1859008655972,241.96895221862093,247.46241160015376,268.5976854395012,0.0,0.0,0.0,0.0,240.59732510350327,41.849268245613416,234.65411489314795,239.1859008655972
2344,10,273.7654934446038,274.3583358641067,274.7297193528236,275.49885795954367,276.81284887656705,278.1403800584085,278.1403800584085,0.0,0.0,0.0,0.0,275.7681795789563,4.967729033307535,274.7297193528236,275.49885795954367
2345,10,304.83894756815414,304.98353846681385,305.5542570915982,307.3783065897132,307.95438287787584,308.3828233940572,310.25802769583345,0.0,0.0,0.0,0.0,307.07259914798885,5.563671026339023,305.5542570915982,307.3783065897132
2346,8,325.2138674343937,325.9562555301671,327.1995647467643,328.22701457603637,328.7288536518645,328.7288536518645,328.7288536518645,0.0,0.0,0.0,0.0,327.63831848722043,4.257374313244156,327.1995647467643,328.22701457603637
2347,8,368.4126413189972,368.50033026719547,368.7669538665487,369.3353981055384,370.7702876445625,383.886310834698,405.37984582203217,0.0,0.0,0.0,0.0,374.24068022425035,37.05489345123328,368.7669538665487,369.3353981055384
2350,10,359.0589191225216,359.143384092279,360.28197365469765,361.14707639568275,362.78521984395854,363.3904469499076,363.47464904303274,0.0,0.0,0.0,0.0,361.30152523905883,4.500194890268517,360.28197365469765,361.14707639568275
2352,8,291.6795922176068,292.02022175891085,292.8064124048099,293.56138922788824,293.6159247683423,294.0397839465978,294.64703991268203,0.0,0.0,0.0,0.0,293.2166306033602,3.308077236379347,292.8064124048099,293.56138922788824
2353,10,296.0839745429378,296.438702557213,297.36993836539614,298.12585432414096,298.8275264560586,304.9814765572005,308.31147283102837,0.0,0.0,0.0,0.0,299.3659547541585,12.582226302365711,297.36993836539614,298.12585432414096
2354,9,299.37692588569155,304.6829813176313,307.3787390798464,307.9234938817722,307.9234938817722,311.3652466208452,322.1654718998555,0.0,0.0,0.0,0.0,307.86341428819355,28.094601446103695,307.3787390798464,307.9234938817722
2355,7,309.50940350730076,310.79109246324754,312.846627039856,313.25210593943495,313.35374246447725,316.8575087530141,321.9607033982559,0.0,0.0,0.0,0.0,313.6916089853873,13.732988846901833,312.846627039856,313.25210593943495
2356,10,384.8045943957979,385.9496434291559,387.3922660161882,387.99435075474105,388.2026275453375,392.00504052229553,399.7429431052567,0.0,0.0,0.0,0.0,388.8240626204891,16.083397742816828,387.3922660161882,387.99435075474105
2357,8,294.92966209082414,302.16579560111444,308.50799754792286,309.46535432234305,310.1249685998109,310.6884522073915,311.48796951042016,0.0,0.0,0.0,0.0,306.9290200071987,23.794440929886264,308.50799754792286,309.46535432234305
2358,7,343.0195242816215,343.0619741148013,343.29878501829825,343.74495517207066,347.6121716930314,352.57620695038315,354.4781166648799,0.0,0.0,0.0,0.0,346.1460085297217,11.50104221643818,343.29878501829825,343.74495517207066
2359,10,385.2822061198258,390.1634636650373,391.49145367463353,392.3788917366776,392.75085362970276,399.9509014555243,399.9509014555243,0.0,0.0,0.0,0.0,392.49577241369474,19.54995288091004,391.49145367463353,392.3788917366776
2360,10,428.4799211217796,429.68190726613034,434.68317094179224,435.12949326471266,436.1095316511708,436.76150945201664,437.30495352880706,0.0,0.0,0.0,0.0,434.3092739776742,10.027018551378205,434.68317094179224,435.12949326471266
2361,9,485.58868489736824,485.63328595020505,485.78977451791513,485.8762504041728,486.4765274335847,487.58386277020077,489.84531445204397,0.0,0.0,0.0,0.0,486.4948552221505,4.301230607512537,485.78977451791513,485.8762504041728
2365,10,391.52789508494334,391.55976390310724,391.9540557185534,392.3292890482496,392.51494500090405,396.5382237519079,425.61905040420663,0.0,0.0,0.0,0.0,395.5659846687223,34.12302413742714,391.9540557185534,392.3292890482496
2369,9,416.24067178518334,416.2821726405688,416.38395552025116,417.1623132319054,418.5495991665294,420.96051072761014,420.96051072761014,0.0,0.0,0.0,0.0,417.86523362759056,4.761339797812184,416.38395552025116,417.1623132319054
2370,9,442.81890404687005,442.84124976404485,446.1204517261987,446.3618890947772,446.51316211114744,451.7070115985489,467.2340976248613,0.0,0.0,0.0,0.0,448.0378645795871,24.43753929516606,446.1204517261987,446.3618890947772
2371,8,428.8239349450794,454.52314952469277,476.6818633303579,480.6521457601644,490.6811582743824,495.9174615242592,497.31910273919124,0.0,0.0,0.0,0.0,474.9346684190984,94.19438237372526,476.6818633303579,480.6521457601644
2372,8,524.1110371135145,525.0562501400725,526.2026130741475,526.7359889019273,526.9912123241502,529.3223970967736,534.3631321954956,0.0,0.0,0.0,0.0,527.1597972262321,11.197308108539119,526.2026130741475,526.7359889019273
2379,6,300.31304786442195,301.2483647191539,303.11899842861783,303.15807534976074,303.289617576899,310.82503804379576,318.32963674202745,0.0,0.0,0.0,0.0,305.0771593709035,18.951905732337423,303.11899842861783,303.15807534976074
2380,10,306.3997929421901,306.42480299181364,306.5890726901977,306.7955545870625,307.12722843949234,307.3036683926731,307.4350911507742,0.0,0.0,0.0,0.0,306.8509639795195,1.0603082582076127,306.5890726901977,306.7955545870625
2381,10,267.58989656285445,267.699588339735,274.7741812655534,275.46912386122733,288.25841029850733,292.2292101120783,292.35023887371244,0.0,0.0,0.0,0.0,279.10850609901524,24.87003408773853,274.7741812655534,275.46912386122733
2382,9,336.2090858033499,339.6136525011104,341.9107754627048,342.0521793354736,342.2045455026071,342.21405958566913,342.25211591791725,0.0,0.0,0.0,0.0,340.9764353420527,9.447596812327788,341.9107754627048,342.0521793354736
2386,8,438.7992202430498,438.85376419727135,438.94029563780794,439.0317261681463,439.8037287789814,441.61580608974845,441.92603221791757,0.0,0.0,0.0,0.0,439.6643881909157,3.1813559290893636,438.94029563780794,439.0317261681463
2387,5,463.9744675030249,464.77233085318414,467.16592090366186,470.5169168923762,477.2099852893191,480.5003883138721,482.6939903302408,0.0,0.0,0.0,0.0,472.15268351369275,19.5173861773751,467.16592090366186,470.5169168923762
2388,10,397.99647733586534,397.99647733586534,409.20776905045363,409.3807818213088,409.5398045273374,410.8249579901201,417.5072122977235,0.0,0.0,0.0,0.0,407.9835472411956,19.51073496185819,409.20776905045363,409.3807818213088
2390,9,386.7095666258846,386.7095666258846,387.2062527590776,387.63640290287475,388.02507404178823,390.2017031293768,390.4250487808475,0.0,0.0,0.0,0.0,388.0178374534413,3.715482154962899,387.2062527590776,387.63640290287475
2395,9,271.4507445096954,271.4507445096954,271.4507445096954,277.53315359533127,277.74733208313484,277.8873913047306,278.0487927756799,0.0,0.0,0.0,0.0,275.580408245825,6.59804826598446,271.4507445096954,277.53315359533127
2396,10,350.2812099207565,350.5225766549876,350.5762137070389,350.73631198904616,352.16230069378605,359.1706877215897,360.2115768191502,0.0,0.0,0.0,0.0,352.6185431935554,10.17173363262475,350.5762137070389,350.73631198904616
2397,10,422.984389520482,423.646904518076,428.86942603790845,432.51797161035495,432.625898761827,433.4816290878182,441.07161332408396,0.0,0.0,0.0,0.0,431.0181950667511,18.749738801195974,428.86942603790845,432.51797161035495
2398,8,452.2038427455894,452.2154301702699,452.25457374277437,453.424855153091,454.78530236009976,459.5841052703717,461.25818161194525,0.0,0.0,0.0,0.0,454.6351649411663,9.065926291036362,452.25457374277437,453.424855153091
2399,10,466.4014248172488,466.40718580252695,467.45652676039845,474.3971457408181,474.51905008026665,475.24260360725475,481.7545853501475,0.0,0.0,0.0,0.0,472.1823210446829,15.358921518176828,467.45652676039845,474.3971457408181
2400,10,479.17556520267743,479.24934833134114,479.444574564479,480.20098788664245,480.9095438371282,482.8560133415954,497.2760903641116,0.0,0.0,0.0,0.0,481.7818778938955,18.174308290097827,479.444574564479,480.20098788664245
2401,10,453.25221697924167,453.25221697924167,459.85376985036237,460.1365911838336,464.33691095569435,465.6890365589604,466.0939924154094,0.0,0.0,0.0,0.0,460.4365734075677,12.841775436167723,459.85376985036237,460.1365911838336
2402,9,457.27930594892445,460.65399295451675,462.6015581511884,463.1518597619176,485.92148820747803,486.5834385007899,489.2312396740372,0.0,0.0,0.0,0.0,470.5074114145696,35.32662073070503,462.6015581511884,463.1518597619176
2403,10,446.58382122371063,446.83645957797535,447.828803013722,449.014280678923,449.0927928995935,449.1968705899699,449.5277440274578,0.0,0.0,0.0,0.0,448.38478328002867,3.196561158011889,447.828803013722,449.014280678923
2404,9,423.9255835761502,425.2313734551851,426.3116217352763,426.5974602482869,427.55965620895654,428.15906637588785,429.5570024732573,0.0,0.0,0.0,0.0,426.6278240058723,6.937208776142029,426.3116217352763,426.5974602482869
2405,9,520.4035842032965,524.7347160090361,527.6145176520747,535.5676640986374,566.0922524584184,566.7139724797461,567.7494682266876,0.0,0.0,0.0,0.0,544.2509466572131,51.677015829130596,527.6145176520747,535.5676640986374
2406,10,544.7936869558004,546.5820727057659,554.2807388866893,554.6919972716221,554.740066204404,554.8204521357661,554.8568228850714,0.0,0.0,0.0,0.0,552.7083204544731,11.851521679236612,554.2807388866893,554.6919972716221
2408,8,522.9488003834539,524.0127073618842,528.1602780114555,531.6523415682393,533.7031608364636,542.6911735542667,549.7164946780623,0.0,0.0,0.0,0.0,532.5575778165303,27.8316012730387,528.1602780114555,531.6523415682393
2409,8,540.0887891051481,540.0887891051481,551.8060955559058,560.0528824152375,567.3162520389483,567.3960579946904,567.5822718914219,0.0,0.0,0.0,0.0,557.2762479228643,27.49348278627383,551.8060955559058,560.0528824152375
2410,9,516.0183403110822,516.7234942707631,517.0760712506036,532.3927567494479,532.5633369176347,532.7915570773927,532.8630598894022,0.0,0.0,0.0,0.0,526.8893684606718,17.549873538000952,517.0760712506036,532.3927567494479
2411,9,507.72319382942874,508.5411815330604,508.9501753848763,510.7448716504347,510.7983229902332,516.1432792143221,517.3432591116208,0.0,0.0,0.0,0.0,511.15206195099086,10.438052985823731,508.9501753848763,510.7448716504347
2415,7,174.42556055168626,174.62699580873036,175.081286834404,175.40438201506666,177.58040222002714,179.75642242498762,179.75642242498762,0.0,0.0,0.0,0.0,176.3869011205084,5.532297130345455,175.081286834404,175.40438201506666
2420,9,146.53236434379346,149.5773649167062,161.4826194494413,162.75323911683063,163.18600517240392,173.85684709461708,177.2913872519061,0.0,0.0,0.0,0.0,161.9610417257944,33.804023481025354,161.4826194494413,162.75323911683063
2421,10,136.10328820051328,136.65835966252536,137.74403665599047,141.08106727497574,143.88849286637134,145.99732129820615,145.99732129820615,0.0,0.0,0.0,0.0,141.00563089773073,10.44910455970492,137.74403665599047,141.08106727497574
2422,9,204.10073422187963,206.8819002127819,209.92672376013763,210.35073168498258,210.87311719315485,211.4175762305855,212.23509735564343,0.0,0.0,0.0,0.0,209.4689541759136,10.915529124666051,209.92672376013763,210.35073168498258
2423,10,181.74145067492464,181.91065734135276,182.96340985741375,188.58011961489134,201.207397254781,203.98577144548494,208.5993289009522,0.0,0.0,0.0,0.0,191.91407453127312,27.02708489245566,182.96340985741375,188.58011961489134
2424,7,230.86811748110478,230.9933411027976,232.88193573455868,234.81166389851393,235.47817297737154,236.40910324351182,236.85841444720816,0.0,0.0,0.0,0.0,234.1618842327135,6.115520587796198,232.88193573455868,234.81166389851393
2425,9,161.9100224204838,167.0064612908356,171.10169258500147,171.20904645304884,171.20904645304884,171.61259645088273,173.20070987108812,0.0,0.0,0.0,0.0,169.63582451558443,16.3871263209561,171.10169258500147,171.20904645304884
2426,8,254.89428715923265,255.44971383737467,256.7243471229256,257.09873197801187,257.6290269841519,258.3498256971359,258.4518307207588,0.0,0.0,0.0,0.0,256.9517403380513,4.11297023966813,256.7243471229256,257.09873197801187
2427,10,253.4292367533728,253.69125118351246,254.9109621733511,256.31354143109377,256.55569581827285,256.8321773337385,256.8632014760666,0.0,0.0,0.0,0.0,255.63966459181052,3.6959791528334165,254.9109621733511,256.31354143109377
2428,10,205.0124700096848,209.96108669826742,216.60274501527945,217.82132306526654,218.19155873812917,218.3599766448778,218.60009214230803,0.0,0.0,0.0,0.0,215.3825018065608,18.53623882120587,216.60274501527945,217.82132306526654
2429,10,221.05162976289034,236.46435636912284,240.33996600454822,241.0371919668351,252.71834241663544,272.0362595959922,276.4619075395938,0.0,0.0,0.0,0.0,246.12781869621207,70.82300438293595,240.33996600454822,241.0371919668351
2430,10,232.18659008356437,234.3138386818958,241.59725761038413,242.5922493285233,242.77532237132215,242.9964143376867,243.24634732821875,0.0,0.0,0.0,0.0,240.5479823431298,13.187005842985798,241.59725761038413,242.5922493285233
2431,10,365.8235546869804,366.213946685719,366.6099270718227,367.1649743283401,367.6144175969434,368.0458103405285,368.0458103405285,0.0,0.0,0.0,0.0,367.05447091057965,2.6126476522866255,366.6099270718227,367.1649743283401
2439,10,276.6346433584224,278.5887113323997,279.16339855233906,279.5592166320176,280.0313937046667,281.06099248266844,286.5707785797195,0.0,0.0,0.0,0.0,279.8300317854051,11.890203195274353,279.16339855233906,279.5592166320176
2440,6,330.4356358160443,333.4271945184976,339.5812336865147,344.9301188352431,350.119111430908,350.5863326519058,350.9359296274809,0.0,0.0,0.0,0.0,342.9812153352155,23.49185251388991,339.5812336865147,344.9301188352431
2441,10,312.75219680525777,313.2474968260456,314.86494028448976,320.73243660929404,360.39228906296273,371.6104534439405,371.85313947281855,0.0,0.0,0.0,0.0,334.0780123717128,59.59624268834864,314.86494028448976,320.73243660929404
2443,10,282.0994336205462,282.20204587485995,282.4412178409351,282.7590043211461,284.2635690818687,284.9381310253991,285.2616300492741,0.0,0.0,0.0,0.0,283.3195921967105,3.264808683041622,282.4412178409351,282.7590043211461
2444,10,302.99014541502476,303.3857356676361,303.47364461266085,303.47364461266085,303.47364461266085,304.900882932433,305.53367828883796,0.0,0.0,0.0,0.0,303.7274318077154,2.9391231264245903,303.47364461266085,303.47364461266085
2445,10,291.1302421525675,291.18247957877713,292.12579310467856,292.6441693405813,294.39016329352984,294.9408778909835,295.34220066255284,0.0,0.0,0.0,0.0,293.00130071078513,4.2641959361949375,292.12579310467856,292.6441693405813
2446,9,296.3622996947946,296.46590967740593,296.5822678320456,297.1951836510791,297.803611668369,297.84111608236867,297.99113373836735,0.0,0.0,0.0,0.0,297.16622143897325,1.7324440261841119,296.5822678320456,297.1951836510791
2447,8,373.2583776850296,373.93688532429206,376.6561874328162,379.5975055777949,379.8628975045044,380.38293816773097,380.4303180614513,0.0,0.0,0.0,0.0,378.0189220473875,7.850448015684208,376.6561874328162,379.5975055777949
2448,9,385.2726184910843,385.5707629123666,387.93984792694664,388.13333325444347,388.297678278889,390.19540630727033,390.38614380886713,0.0,0.0,0.0,0.0,387.98780185899955,5.4116697390651325,387.93984792694664,388.13333325444347
2449,8,383.37095927061756,383.4691913186297,383.6920272456488,384.34009321516817,386.53054605328543,390.1503200219813,390.1503200219813,0.0,0.0,0.0,0.0,385.60864227909667,6.877592799375918,383.6920272456488,384.34009321516817
2450,10,429.15147662994787,429.20869006410254,429.4028368827472,430.52575813394986,431.5180962923464,433.162519740754,433.18417028168767,0.0,0.0,0.0,0.0,430.7679987517793,4.089907085894481,429.4028368827472,430.52575813394986
2452,10,421.06089460127816,421.39422800732075,421.910863592383,422.1205316228983,422.5728775010869,423.1529163620627,423.1529163620627,0.0,0.0,0.0,0.0,422.1714057371561,2.425355166827103,421.910863592383,422.1205316228983
2453,9,394.62060511838644,399.2340137254869,406.63524701818204,408.60993760949583,409.4520515442962,417.1810952182882,417.6154925777838,0.0,0.0,0.0,0.0,407.61773488062124,27.608296066497758,406.63524701818204,408.60993760949583
2454,9,402.9112917158328,404.85201945952286,406.2000017558518,406.4442850696526,409.9291270078011,412.3179596338662,412.585350056763,0.0,0.0,0.0,0.0,407.5977833598777,11.614786084620278,406.2000017558518,406.4442850696526
2455,10,405.16796977249885,405.47509108184676,405.58303346882514,405.9397325009909,406.1999192203356,406.2953176142857,406.4347137020908,0.0,0.0,0.0,0.0,405.8579823779727,1.5738652389398453,405.58303346882514,405.9397325009909
2456,10,445.04446922445135,445.2751923309377,445.5237530898743,447.986846762091,450.46571311978005,452.50060888666195,459.663703994122,0.0,0.0,0.0,0.0,448.8294766883091,14.849957876157077,445.5237530898743,447.986846762091
2460,8,481.4055138048165,481.49596263406744,481.70492253466455,482.06418636378515,484.09493312074926,484.9296261177852,485.48794978713613,0.0,0.0,0.0,0.0,482.8550522744532,4.172884811570555,481.70492253466455,482.06418636378515
2462,9,479.20965738489167,479.20965738489167,490.01224294871565,493.1861532988941,494.1043150158602,495.7999401866348,496.85618332469033,0.0,0.0,0.0,0.0,490.51984549889545,17.646525939798664,490.01224294871565,493.1861532988941
2463,9,512.2868602228164,513.7035115856919,517.9204843278559,518.2006567073115,518.3705778160788,519.270917550151,521.1652525017272,0.0,0.0,0.0,0.0,517.3340015163079,10.295043641786265,517.9204843278559,518.2006567073115
2464,10,523.0909167659222,525.04353280698,525.6216459357943,525.7714737973904,526.0377312356419,526.1446444608097,526.1944741285218,0.0,0.0,0.0,0.0,525.3813295600403,5.0561734036574535,525.6216459357943,525.7714737973904
2465,10,521.5501942388073,521.5501942388073,522.6905437746963,522.8259958331972,522.9708959088339,526.0921210376334,526.0921210376334,0.0,0.0,0.0,0.0,523.2349802958671,4.541926798826125,522.6905437746963,522.8259958331972
2466,10,528.6888727188468,528.8555507527819,528.8925903158786,529.3011030219875,529.7861379357607,529.9401131112884,530.1612331304198,0.0,0.0,0.0,0.0,529.3281753532663,1.6390384455080493,528.8925903158786,529.3011030219875
2469,5,534.3126926389166,537.5241434935673,547.1584960575192,547.3342817703218,550.5705851644465,555.5229404113054,558.8245105758781,0.0,0.0,0.0,0.0,546.9978230704862,27.7232687916121,547.1584960575192,547.3342817703218
2470,10,571.4162332335654,572.1059552371222,572.9258466425141,573.2697916685945,573.4015286668941,573.8838719666056,574.0593855515166,0.0,0.0,0.0,0.0,573.0096812499269,3.3328743215080294,572.9258466425141,573.2697916685945
2471,8,568.4737360808567,568.6753716508496,568.9445169407801,568.9766218745684,569.1553865189163,570.2502042071798,572.6336714152336,0.0,0.0,0.0,0.0,569.3804375693776,4.361570904369842,568.9445169407801,568.9766218745684
2472,9,561.9216034567911,562.3226094161596,562.5231123958438,570.2653764987666,571.2561867421351,571.6934032116774,571.9839684817896,0.0,0.0,0.0,0.0,567.2982076718795,10.463370984366975,562.5231123958438,570.2653764987666
2473,9,561.390694281216,561.4359812981236,561.4586248065774,561.5893474112049,561.7487107903861,561.9009101153586,562.1703988392973,0.0,0.0,0.0,0.0,561.6469398656043,0.8249915749887577,561.4586248065774,561.5893474112049
2474,9,595.3945309541472,596.5606404078055,597.3544058847451,597.377153989078,597.5844503123842,610.0069461377826,618.0377287131708,0.0,0.0,0.0,0.0,600.5062284338128,23.809307212681915,597.3544058847451,597.377153989078
2475,8,597.8080084794188,598.9684055593658,600.1887954623425,600.2956546696204,600.7308877637122,601.0400079449854,601.4289601040159,0.0,0.0,0.0,0.0,600.0564611255531,4.781348704544143,600.1887954623425,600.2956546696204
2476,10,596.0682358062799,597.9474125996663,603.1011561386945,608.640827534771,611.0552686682349,612.1639409960006,622.117983247615,0.0,0.0,0.0,0.0,607.2646768698805,27.92892423472165,603.1011561386945,608.640827534771
2477,7,582.7407305570356,585.5922543318621,589.6069145569585,590.2429460467484,590.5964005118312,590.8084459792842,591.0664232083192,0.0,0.0,0.0,0.0,588.8007437392652,11.177216426110249,589.6069145569585,590.2429460467484
2478,10,590.5787293047485,590.6863371064771,592.1625261559232,596.2254442205024,600.3606893319055,601.0381910242194,601.299283630262,0.0,0.0,0.0,0.0,596.1851158715378,10.82816212724208,592.1625261559232,596.2254442205024
2479,8,600.1815165625334,601.2987719888922,604.2060907285357,608.4649736727151,609.7060822496098,610.2417994441905,610.2417994441905,0.0,0.0,0.0,0.0,606.639714732198,11.177538308015983,604.2060907285357,608.4649736727151
2480,8,585.3148348672612,585.357202356639,586.0342089194189,587.4980575938462,588.6601157318211,589.5202035312799,589.5851114675608,0.0,0.0,0.0,0.0,587.4212577953351,4.312644089677406,586.0342089194189,587.4980575938462
2481,10,612.1849441224389,612.3600164241745,612.9513646639411,616.3331949477974,616.6998110972797,616.8168209731919,616.9497928798103,0.0,0.0,0.0,0.0,615.1066648682881,4.939921059107064,612.9513646639411,616.3331949477974
2482,8,612.6637414332482,612.6637414332482,618.70918464202,620.9296675052533,621.78715481952,622.0425061032576,622.252685341527,0.0,0.0,0.0,0.0,619.2310410267589,9.588943908278793,618.70918464202,620.9296675052533
2483,10,625.912948551765,625.9664382524355,626.6873264867227,626.8383965704393,628.8340890092456,629.4263433448695,630.3420198649668,0.0,0.0,0.0,0.0,627.5725301543796,4.482561013872214,626.6873264867227,626.8383965704393
2484,8,631.814745810126,632.825989889622,635.2852298815094,639.2093971498514,640.3438190688677,642.5598086418307,644.6945311049238,0.0,0.0,0.0,0.0,638.1225863932541,13.89102937429368,635.2852298815094,639.2093971498514
2485,10,660.001504612613,661.2873493287783,661.5730925990373,661.6287269708804,662.319904821751,662.3944228583845,662.7620681302817,0.0,0.0,0.0,0.0,661.6437512064178,4.0464082338342,661.5730925990373,661.6287269708804
2486,10,654.6870192752624,655.4095050780934,656.0486052490618,657.3683353511371,659.0016597805526,659.5886671302476,660.547568694265,0.0,0.0,0.0,0.0,657.402226457999,6.5830352218335975,656.0486052490618,657.3683353511371
2487,10,650.851454049515,650.851454049515,651.5938992008677,652.4867426727035,653.1610131193224,655.1315987998939,656.7293950525138,0.0,0.0,0.0,0.0,652.7928859518157,5.877941002998796,651.5938992008677,652.4867426727035
2488,10,646.4503510402068,646.6182741766966,646.8001557923941,646.9015595810149,647.1381101988293,647.1750965333109,647.1750965333109,0.0,0.0,0.0,0.0,646.8938015568149,0.8926686295939135,646.8001557923941,646.9015595810149
2489,10,639.667394962546,639.9820404554351,640.3094940681663,640.5824687415331,642.0294521071086,644.4018067756623,644.7233390882898,0.0,0.0,0.0,0.0,641.412951563356,5.370589618632948,640.3094940681663,640.5824687415331
2490,10,649.1645561336643,649.1891909684069,649.2654252635759,649.4451183576459,650.9272334016013,651.4660625320402,651.4660625320402,0.0,0.0,0.0,0.0,649.9895540594212,2.3261412331186193,649.2654252635759,649.4451183576459
2500,10,71.71553117747291,72.42375001194762,72.78821155023762,73.36083303690414,74.34679201164793,74.6310875206164,74.98058726131511,0.0,0.0,0.0,0.0,73.39689033479682,3.9732749183169176,72.78821155023762,73.36083303690414
2502,10,79.30780456088131,79.79630828883018,79.95764494467281,80.13696032060693,80.56203312439042,82.26436031761742,83.7085414853036,0.0,0.0,0.0,0.0,80.58430745234622,4.889240652371143,79.95764494467281,80.13696032060693
2505,10,79.22162384752002,79.42871222251134,79.78995672509035,79.97148215190383,80.20587053651812,80.28690734628162,80.29055112633019,0.0,0.0,0.0,0.0,79.90560708242106,1.2760156538014797,79.78995672509035,79.97148215190383
2506,10,79.86174320652245,79.89702440621947,80.0655840022204,80.49879241134533,80.72254559664174,80.91386091323578,81.41606524100224,0.0,0.0,0.0,0.0,80.46882903667243,1.5896032341768063,80.0655840022204,80.49879241134533
2508,10,44.77240691583239,45.14792089312123,45.470597586633176,46.39370131682428,47.124310426648094,49.74047385962807,49.891604974808324,0.0,0.0,0.0,0.0,46.757548438144504,5.494712036264772,45.470597586633176,46.39370131682428
2515,10,58.21389489595102,58.53657682252082,61.121154123994415,61.70757253282778,62.08935433635089,62.15773338898671,62.33042396538184,0.0,0.0,0.0,0.0,61.07936871246284,4.439210996000618,61.121154123994415,61.70757253282778
2516,10,62.20499802929809,62.20499802929809,62.449284654794454,63.48273396320444,63.75355787976237,63.88844730749241,63.988246107772376,0.0,0.0,0.0,0.0,63.20896547310734,1.783248078474287,62.449284654794454,63.48273396320444
2517,10,64.19970303365763,64.24245894290645,64.64389894821801,65.32334905166638,65.75862714644184,66.06954191313733,66.11382142884459,0.0,0.0,0.0,0.0,65.18843624734996,1.9568743044357717,64.64389894821801,65.32334905166638
2518,9,67.08221891404789,67.14498981359338,67.23098933545312,67.66418762223815,68.01380620244986,68.61008742602716,68.75467302237925,0.0,0.0,0.0,0.0,67.76345698360042,1.7352250078768492,67.23098933545312,67.66418762223815
2519,10,69.8726888140991,69.98717934142044,70.18458276596445,70.29889218823622,70.6290978746905,71.33443980819949,71.95409097979706,0.0,0.0,0.0,0.0,70.52008346960788,2.1958926930192746,70.18458276596445,70.29889218823622
2525,10,75.03262088121522,75.19389503951466,75.41591857966874,75.90686402067708,76.78615362494125,76.97428316393552,77.25195396749558,0.0,0.0,0.0,0.0,76.0636363085908,2.380607244579778,75.41591857966874,75.90686402067708
2526,10,76.43124461777403,76.46563142044504,78.14745569301893,78.9550250257379,79.70249386358171,79.7878028502823,79.85261799871176,0.0,0.0,0.0,0.0,78.61736576951255,3.4557601836087315,78.14745569301893,78.9550250257379
2527,9,90.76432799333254,90.83550089091335,92.29972969302298,93.6583450258656,94.22190693359784,94.43329522795545,94.58036241936348,0.0,0.0,0.0,0.0,93.04399133235071,3.8872073236117615,92.29972969302298,93.6583450258656
2528,10,86.8583266776829,86.97422969545607,87.26126718701967,88.10259785805887,88.40447746452712,88.82316404886983,88.89008492326235,0.0,0.0,0.0,0.0,87.92471211784115,2.1476612633526173,87.26126718701967,88.10259785805887
2529,10,89.64959547428958,89.7414131765359,89.76181711036841,90.29705027355111,90.66943191976696,91.07209784235415,91.50724954206287,0.0,0.0,0.0,0.0,90.3150046868129,1.9494717700195991,89.76181711036841,90.29705027355111
2530,9,83.07738604268253,83.10588213030138,83.57111830999216,83.79596381303408,84.4862339718798,84.77817402278694,84.81819381479336,0.0,0.0,0.0,0.0,83.90848425146201,1.7693038597296749,83.57111830999216,83.79596381303408
2533,10,96.34133301985484,96.66790343906894,97.4823340940875,100.69740848253201,101.41385482920879,102.06017844135128,103.40039107141124,0.0,0.0,0.0,0.0,99.75271124645016,7.3856284707704845,97.4823340940875,100.69740848253201
2534,6,108.87151397697858,109.14361661438849,109.69751142625141,109.72658003738066,110.17457218111456,111.38555788779985,112.44721287990718,0.0,0.0,0.0,0.0,110.08525151318965,3.847801540338523,109.69751142625141,109.72658003738066
2535,10,113.90122340325183,115.29935514866573,115.65061476705628,115.95962525814672,121.34916270956012,123.19449394798505,123.27204737020583,0.0,0.0,0.0,0.0,117.7087656390622,10.768955712367884,115.65061476705628,115.95962525814672
2536,5,228.45291020152322,229.01842058974606,230.71495175441459,230.98365654668044,232.08688349973357,234.89256487180126,236.76301911984638,0.0,0.0,0.0,0.0,231.68718214679507,8.875619306545985,230.71495175441459,230.98365654668044
2537,10,249.07551699943932,252.55224284868754,254.06177059166293,254.63601126193154,255.27202977068626,268.0576164108215,268.49500861865334,0.0,0.0,0.0,0.0,256.34429287874275,22.896217468462225,254.06177059166293,254.63601126193154
2538,10,179.99203354779326,180.4623401761308,180.87037417361873,181.2179541797391,187.12476789719477,195.61432507639375,195.61432507639375,0.0,0.0,0.0,0.0,184.87979159129665,16.09259815693804,180.87037417361873,181.2179541797391
2539,10,174.66896399273108,174.75350470668704,180.96429301329695,183.72250868375733,184.77091888121,184.89115195961088,184.93794880215506,0.0,0.0,0.0,0.0,181.87844906842204,10.353525523379915,180.96429301329695,183.72250868375733
2540,10,125.65692268621785,126.072367330027,134.58583354009858,148.52056067433261,151.26536665872237,152.73807345497647,153.70618957548007,0.0,0.0,0.0,0.0,143.0302154878123,28.464711533071366,134.58583354009858,148.52056067433261
2541,10,127.6920894803286,128.37101021342187,129.2127029235025,130.86113860822928,131.57583449631153,132.1241879484716,132.21180878051277,0.0,0.0,0.0,0.0,130.36119437661037,5.198640033277428,129.2127029235025,130.86113860822928
2545,9,271.3334778437114,271.60526450764445,271.9340834071509,273.55195726641296,276.16717374096214,278.0032725386578,282.2564918574968,0.0,0.0,0.0,0.0,274.6102613422703,11.194800677718433,271.9340834071509,273.55195726641296
2546,10,279.3751237327695,279.3751237327695,280.198647792574,284.68359820402816,297.56251123441297,301.5437428514837,308.2543055982062,0.0,0.0,0.0,0.0,288.8070669123055,28.879181865436692,280.198647792574,284.68359820402816
2548,9,357.3601508317528,357.3601508317528,357.44319052345736,358.1648791223405,358.9101623073304,361.1367668774391,361.605251752845,0.0,0.0,0.0,0.0,358.63496888094795,4.245100921092217,357.44319052345736,358.1648791223405
2549,6,366.9467661622233,366.96253326598804,367.1108336775218,367.56738029309804,368.67910164108565,369.41756832854145,369.82087723452247,0.0,0.0,0.0,0.0,367.9824939625425,2.88987817606386,367.1108336775218,367.56738029309804
2550,8,324.68916235370807,333.43690507380126,341.4873490463263,341.98887075952007,345.0914028753923,353.0972480914017,358.75311178745585,0.0,0.0,0.0,0.0,341.89784916861953,42.811692153840966,341.4873490463263,341.98887075952007
2551,9,379.1063715290327,379.44160950440636,379.7519580518389,379.76158143867616,380.2281344364714,380.844715568453,381.06086115203107,0.0,0.0,0.0,0.0,379.9938287997053,2.2897275983720533,379.7519580518389,379.76158143867616
2552,3,330.7471452440538,330.83549842546296,331.10055796969027,331.5423238767359,331.5423238767359,331.5423238767359,331.5423238767359,0.0,0.0,0.0,0.0,331.24781327203885,0.8835318140912136,331.10055796969027,331.5423238767359
2555,10,23.42634936048332,23.684429635986913,23.819116243353058,24.055071498021505,25.901381031662353,26.515501226351834,26.515501226351834,0.0,0.0,0.0,0.0,24.641862037276333,3.3472321413721,23.819116243353058,24.055071498021505
2556,10,28.76606779218591,29.278343670484794,29.873149657156958,30.254110216290556,30.69801717114299,30.855156435599632,31.410667447003384,0.0,0.0,0.0,0.0,30.135789348595257,3.1568755331163523,29.873149657156958,30.254110216290556
2557,10,28.233182734623483,29.776296602313405,34.53813190001956,35.08912488812352,35.64687696977727,36.57576091304081,36.61989875584099,0.0,0.0,0.0,0.0,34.05694143976049,9.929829888907431,34.53813190001956,35.08912488812352
2558,10,34.570647491768895,34.571070134418335,34.99788890205739,35.5233726850903,36.38040475122084,36.97198480429054,37.21195119867156,0.0,0.0,0.0,0.0,35.70313258289052,2.6417263495521013,34.99788890205739,35.5233726850903
2559,10,37.621977617388616,37.621977617388616,37.65560686455693,37.77763629895297,37.98622997833121,37.989980191099235,38.023732106011494,0.0,0.0,0.0,0.0,37.80928636028022,0.40175448862287766,37.65560686455693,37.77763629895297
2560,9,39.35340116590233,39.6407097991302,40.03192972683984,40.90638218182943,42.04182945706993,43.767774343466336,44.121745900870934,0.0,0.0,0.0,0.0,41.231416019634736,5.055653368196467,40.03192972683984,40.90638218182943
2563,10,44.607355777359594,44.68542709887122,45.08837085456231,45.602247997781234,45.690259696627805,45.71318202757759,45.77511553944377,0.0,0.0,0.0,0.0,45.377683743407204,1.245831083595803,45.08837085456231,45.602247997781234
2564,10,28.613847906718256,28.615948754467997,29.01440348952702,29.217991437200247,29.768050471954705,29.97996435710182,30.080182234147255,0.0,0.0,0.0,0.0,29.319171864948032,1.468435175178744,29.01440348952702,29.217991437200247
2565,10,28.677096087911274,28.749699296909718,30.634316003176043,30.793545503770062,30.904429893338897,30.92358985078559,31.09602946780584,0.0,0.0,0.0,0.0,30.40675984579982,2.4915365888930125,30.634316003176043,30.793545503770062
2566,10,33.14743373418906,33.22912813052163,33.28602903688963,33.32450701478055,33.39641455711302,33.56091866538608,34.617765783634276,0.0,0.0,0.0,0.0,33.437317004663065,1.5520264457777913,33.28602903688963,33.32450701478055
2567,10,37.61563812416045,37.693824652221736,38.733320875742166,39.01929176030772,39.77512949325522,40.109087333624764,40.724102722372095,0.0,0.0,0.0,0.0,39.11649506902927,3.1866511262729347,38.733320875742166,39.01929176030772
2568,10,47.47239270121754,47.73868311995944,47.90936889731627,48.05058037390849,49.00030262934061,51.52760382753054,51.793373683008674,0.0,0.0,0.0,0.0,48.76630292117042,4.587271400533041,47.90936889731627,48.05058037390849
2569,9,53.521729344523905,53.5326315624257,53.67453188459312,54.44067106194499,54.95505088120141,55.22845188827721,56.143088999987114,0.0,0.0,0.0,0.0,54.46636841000018,2.6322618733650103,53.67453188459312,54.44067106194499
2570,10,35.88298053575618,36.15176759053436,36.36379767318674,36.39617606834403,44.18045017746958,47.11038455385389,55.243524587338456,0.0,0.0,0.0,0.0,40.55697783145051,19.629331106360453,36.36379767318674,36.39617606834403
2571,8,56.38680984648216,56.51604450313747,58.459367957817285,59.71106353874105,60.41431122745433,63.94014893315769,70.1597273859039,0.0,0.0,0.0,0.0,60.36732793557496,13.902152196077061,58.459367957817285,59.71106353874105
2572,10,61.778175788491794,62.39809385533907,62.57840397780397,62.6469533630677,62.94117386678883,63.369420843797606,63.51838765452912,0.0,0.0,0.0,0.0,62.68000859266785,2.360129932884604,62.57840397780397,62.6469533630677
2573,10,63.37437645440484,63.37437645440484,63.41145874700524,63.52270562480646,63.984867481605214,64.40332171740584,65.21584270701271,0.0,0.0,0.0,0.0,63.7989838557837,1.8414662526078729,63.41145874700524,63.52270562480646
2574,10,69.73590853594065,69.80284539486784,69.924831181292,70.40502456875942,70.83760237346436,71.45743397830536,71.49371034478605,0.0,0.0,0.0,0.0,70.47950885674015,1.8247386677725927,69.924831181292,70.40502456875942
2575,8,80.45645893403693,80.86643553305198,84.36950718871847,87.27593684262098,92.38213595619605,92.75995793877748,92.90216069535957,0.0,0.0,0.0,0.0,87.38924327583332,12.855678360337706,84.36950718871847,87.27593684262098
2576,10,95.17806813340907,95.24802440552455,95.90602147580657,96.5459787033395,97.37178210572065,97.94504244478134,99.95346088164165,0.0,0.0,0.0,0.0,96.79081498492937,4.845349020348053,95.90602147580657,96.5459787033395
2577,10,101.80715204677168,102.65756650826638,104.02451509998025,108.67773516221911,111.83726023517347,117.96182346811784,122.75939732208731,0.0,0.0,0.0,0.0,109.31743106219199,21.802659736810355,104.02451509998025,108.67773516221911
2578,9,117.8713197399018,118.00666584600765,118.21893800595821,118.31079423655883,118.55359396379657,118.89070633704122,118.89333250887645,0.0,0.0,0.0,0.0,118.37871942820892,1.1573588750805186,118.21893800595821,118.31079423655883
2579,9,113.79615521077561,113.96907316363797,126.55800849954066,133.0439045113375,137.46421126388705,138.5191930763579,139.26708960663677,0.0,0.0,0.0,0.0,129.8716080188257,25.643852348723513,126.55800849954066,133.0439045113375
2580,10,155.41313820559944,155.46656197968903,158.4357234349538,159.46925627783833,160.7244816323646,163.25578933583017,175.6406772702445,0.0,0.0,0.0,0.0,160.57333208787253,20.280962838734695,158.4357234349538,159.46925627783833
2581,9,180.03664223550842,187.47667519865928,192.78262032271178,193.25480316182475,193.7881081354379,196.4350013833069,198.52239733549018,0.0,0.0,0.0,0.0,191.5985427357972,25.925788063132615,192.78262032271178,193.25480316182475
2582,7,222.1540333565118,222.20698242076185,222.3594510586803,222.91032943719537,223.24315182881855,223.6826464171054,223.8426547121009,0.0,0.0,0.0,0.0,222.86561060236508,1.7415704198391495,222.3594510586803,222.91032943719537
2583,10,152.76154424089236,154.74532663732404,156.7103403184343,158.05885165571874,158.69302112696704,168.20602919161092,173.64819566182524,0.0,0.0,0.0,0.0,159.43961733073735,22.870433817364557,156.7103403184343,158.05885165571874
2584,9,234.21095856380202,235.1481915792801,235.63546437196058,235.80924408667644,236.03291089509025,236.32035841971447,236.42024691367584,0.0,0.0,0.0,0.0,235.63608092042443,3.1465213653519015,235.63546437196058,235.80924408667644
2585,9,233.21863183198442,234.31237981428035,238.190836563798,238.52104682488033,238.70129437223437,238.8189156988331,239.1467031631655,0.0,0.0,0.0,0.0,237.45478578756976,7.02181931347701,238.190836563798,238.52104682488033
2586,10,202.39267926574544,203.78164835495767,216.4141365041079,217.4069214769824,218.27377664025755,224.20884790383025,233.50642937991222,0.0,0.0,0.0,0.0,216.60313160924116,32.50271920337903,216.4141365041079,217.4069214769824
2587,8,250.6213580437048,251.3560943527251,252.49050394208504,253.27580590291456,254.94157426361923,258.32137143947637,258.91415437548625,0.0,0.0,0.0,0.0,253.99549401892097,9.02753264080178,252.49050394208504,253.27580590291456
2588,9,267.4620007846114,267.93059593212905,269.23559341504074,269.297707158542,271.4465975226398,273.07624814632953,275.43230741963515,0.0,0.0,0.0,0.0,270.422449185336,8.438901782541393,269.23559341504074,269.297707158542
2590,10,284.50031958739135,284.6716489826971,284.7998940862243,285.4428620507647,285.86976306141895,316.5676496586012,316.8479909039935,0.0,0.0,0.0,0.0,291.4497559091677,32.51900071190789,284.7998940862243,285.4428620507647
2594,7,246.71207844345687,247.83321448464244,249.5338982468125,250.74255997960208,251.20940667807952,260.84223079749194,274.8420856706564,0.0,0.0,0.0,0.0,253.23745684318766,29.251143268385107,249.5338982468125,250.74255997960208
2611,5,248.81376520313785,248.81376520313785,248.81376520313785,248.81376520313785,248.81376520313785,249.22272092271612,249.49535806910163,0.0,0.0,0.0,0.0,248.95008377633062,0.6815928659637791,248.81376520313785,248.81376520313785
2619,10,242.0792448742338,243.01904978737275,243.43826048264776,243.91812587532013,243.99897831135436,244.27314582009186,244.73797643789356,0.0,0.0,0.0,0.0,243.6182873490844,3.5985364767986994,243.43826048264776,243.91812587532013
2620,10,238.80829637886347,239.38015119811146,239.74944465475426,243.26738210580265,245.05595546766705,246.38696186872852,246.38696186872852,0.0,0.0,0.0,0.0,242.66537704444423,8.150520309113034,239.74944465475426,243.26738210580265
2621,10,216.5774311669653,216.78780409130724,217.43185702160588,218.164017155269,219.02085694968127,219.4148664886207,220.0733051815972,0.0,0.0,0.0,0.0,218.1768200438102,3.7062469389738055,217.43185702160588,218.164017155269
2622,8,199.56210491937253,200.45690440903195,212.61454329750683,216.9663991468002,221.47495636797893,232.5597239634257,235.05260632209368,0.0,0.0,0.0,0.0,216.8644404674135,36.38530089238054,212.61454329750683,216.9663991468002
2623,10,247.428016665419,247.71020519875506,247.77496740748018,247.89910106752018,247.92998645553757,248.35205751006492,248.38279937096266,0.0,0.0,0.0,0.0,247.88624001651064,1.236971238879704,247.77496740748018,247.89910106752018
2626,9,287.808525635939,290.0104051361644,294.9396127193518,296.78691821310036,296.88128703422456,296.9578059113114,297.013814559916,0.0,0.0,0.0,0.0,294.7656138981456,11.407168424202382,294.9396127193518,296.78691821310036
2627,10,362.36620811398757,363.26720448047723,365.71554434243393,365.98423725326256,367.146533084923,368.9523586040166,375.249931419599,0.0,0.0,0.0,0.0,366.59130262793735,13.784719672101062,365.71554434243393,365.98423725326256
2628,5,348.7357500746947,349.2302352505739,350.71369077821157,353.3360099337042,365.11418452629965,366.96474851038226,368.19845783310404,0.0,0.0,0.0,0.0,357.120721594027,19.95719293428857,350.71369077821157,353.3360099337042
2629,8,317.0948830955205,318.09145357784354,319.92999751378585,321.00508466336953,326.86941046378803,327.00412620213973,327.3184629249604,0.0,0.0,0.0,0.0,322.29619171372394,11.220150311762836,319.92999751378585,321.00508466336953
2630,10,318.6232701048096,320.751994811076,321.7177789755473,323.109208764203,324.5128855836973,325.0827773076293,325.5658364365026,0.0,0.0,0.0,0.0,322.70592988963807,9.071291037959327,321.7177789755473,323.109208764203
2631,9,319.0458332700076,319.522581093751,343.39343789923487,344.1192360003993,344.4321742012135,361.91875325183423,362.55093953341606,0.0,0.0,0.0,0.0,342.5590559317914,43.98185408715182,343.39343789923487,344.1192360003993
2632,10,376.6278999423958,380.21121388137004,385.0012420136671,385.88933709822373,386.4979299056821,386.8962196401592,388.0370861689822,0.0,0.0,0.0,0.0,384.35842869282595,14.992500165560728,385.0012420136671,385.88933709822373
2633,8,407.3080855979324,407.3080855979324,408.4653292275232,410.52312007792693,410.72416855184986,412.24701920710174,415.31784995400403,0.0,0.0,0.0,0.0,410.1771911337804,8.009764356071628,408.4653292275232,410.52312007792693
2640,10,442.26578171991133,442.81634783075725,447.6296251723654,448.595994831145,450.774108648517,452.24214995990377,452.31444889420004,0.0,0.0,0.0,0.0,448.1973864509074,10.599233285134574,447.6296251723654,448.595994831145
2641,8,444.77970292780384,444.8375694938235,445.4167123329679,446.2965992710727,446.7822181698979,447.5873192859691,447.7716405218214,0.0,0.0,0.0,0.0,446.20194733520975,3.0498041600371266,445.4167123329679,446.2965992710727
2642,9,397.39160036748444,397.98877105829837,437.8169888759287,441.9136830744663,447.0657068842901,447.19612313142176,447.7177881199485,0.0,0.0,0.0,0.0,433.57085924243984,50.923358443278005,437.8169888759287,441.9136830744663
2643,10,464.6372427636271,464.6372427636271,464.84348776361685,465.2282112467057,465.7505635242727,466.10858954429756,466.4297908439472,0.0,0.0,0.0,0.0,465.33988247776807,1.7925480803201026,464.84348776361685,465.2282112467057
2644,10,379.4279252048851,388.2869792033587,396.615778314218,397.93183182122283,398.61620035079187,425.0014573563665,427.46126809244043,0.0,0.0,0.0,0.0,399.9413640157397,56.89239688602896,396.615778314218,397.93183182122283
2645,9,452.2753941254279,453.63503938946087,461.2173757575567,462.14400398711615,462.4569503720235,464.88005532632064,474.46496156620816,0.0,0.0,0.0,0.0,461.3703832087656,23.549212704813215,461.2173757575567,462.14400398711615
2646,10,481.4834075808373,482.43323502633785,484.4516067595125,485.5205019757862,486.20283166255297,486.57799882324184,486.57799882324184,0.0,0.0,0.0,0.0,484.90179528288365,6.044418687905136,484.4516067595125,485.5205019757862
2647,10,511.52670902709457,512.4012675956777,512.9304451960547,514.7762333046676,515.6538672783471,515.8811195520924,515.8811195520924,0.0,0.0,0.0,0.0,514.19462530212,5.228969093580986,512.9304451960547,514.7762333046676
2648,8,820.411614302657,822.2824587265823,824.7659901890294,830.2822441267497,830.8096328616182,831.4596816441103,832.616728349012,0.0,0.0,0.0,0.0,827.7986724974501,14.075958470280398,824.7659901890294,830.2822441267497
2649,5,333.58732681741196,333.58732681741196,333.58732681741196,333.58732681741196,333.58732681741196,333.58732681741196,333.58732681741196,0.0,0.0,0.0,0.0,333.58732681741196,0.0,333.58732681741196,333.58732681741196
2650,10,359.86859278313824,360.1431038664638,360.456167594961,361.10950735835354,361.83938906169396,362.1395320895835,362.3785184162945,0.0,0.0,0.0,0.0,361.10883026093,2.784436716481821,360.456167594961,361.10950735835354
2651,10,354.92534786789724,355.006460604276,355.15774725949063,355.1904361141939,355.7029682250174,356.00151894224405,356.81934248417974,0.0,0.0,0.0,0.0,355.47010161297135,1.9751073526612686,355.15774725949063,355.1904361141939
2652,10,337.8592806266057,341.6848663398963,355.3492600684446,376.21258788541246,383.3941844994531,402.0208004842016,480.9242165032898,0.0,0.0,0.0,0.0,379.02335875074414,146.89052158997464,355.3492600684446,376.21258788541246
2653,10,344.80740860320316,349.9638995966285,351.21665541409953,351.64400449955855,352.4343524620297,354.0967488516161,354.0967488516161,0.0,0.0,0.0,0.0,350.9499454651167,14.445831241838277,351.21665541409953,351.64400449955855
2655,10,386.822528407728,388.31833319279957,388.65073425614884,388.93502004122297,389.1207987778363,389.3768484768167,389.5078786823579,0.0,0.0,0.0,0.0,388.62597377314205,4.181155059701496,388.65073425614884,388.93502004122297
2656,10,403.6288574563614,407.6076358529206,415.03028098047866,418.32748048715166,420.1710324648959,420.2250908849796,420.3033227492626,0.0,0.0,0.0,0.0,415.6733349170678,20.653243689460396,415.03028098047866,418.32748048715166
2658,10,405.28546246580544,405.9101351088427,407.2705169104997,407.69407280653786,408.29008646530156,409.0054335812382,412.8226689047453,0.0,0.0,0.0,0.0,407.86642665289185,8.161879081977077,407.2705169104997,407.69407280653786
2659,8,431.583466731298,431.87998177985185,432.1853701849065,432.77252799141206,432.8520954848468,432.9258366562656,433.097899389576,0.0,0.0,0.0,0.0,432.4963354119021,1.8109477068317688,432.1853701849065,432.77252799141206
2660,10,408.9035019812246,411.2079528531751,416.1971968030016,416.76673964451714,416.88371765031957,422.0033876885277,422.2028127061258,0.0,0.0,0.0,0.0,416.25448275166053,15.603761596851655,416.1971968030016,416.76673964451714
2661,9,367.8423297029522,368.25007607955763,368.45394926786037,369.31350862912404,369.7852415321452,369.7852415321452,369.7852415321452,0.0,0.0,0.0,0.0,369.0709702606528,2.3506582057984247,368.45394926786037,369.31350862912404
2663,10,331.44886057494995,331.4556749517452,331.62804379534424,332.2633326527405,332.84736180113623,333.0108891183499,333.09660855031296,0.0,0.0,0.0,0.0,332.26010771864367,1.6545623521583366,331.62804379534424,332.2633326527405
2665,9,346.6542362264039,346.9425663548424,347.35910541676145,358.428526771755,376.2170787650239,381.3105137188742,401.1257259467912,0.0,0.0,0.0,0.0,364.64931118099776,54.759819848825884,347.35910541676145,358.428526771755
2666,10,321.33026589111705,321.3714154665719,322.14524466079376,322.40548170611794,322.69647865559955,323.3886546097919,324.2189264165996,0.0,0.0,0.0,0.0,322.46044354697113,2.9298101009373454,322.14524466079376,322.40548170611794
2668,10,325.58503704685063,327.93930807151554,328.49196267199693,331.29882914681434,345.68146687008993,347.0867314190617,347.0867314190617,0.0,0.0,0.0,0.0,335.6870192171776,23.85596539687606,328.49196267199693,331.29882914681434
2669,10,354.2485901685017,361.67812302484276,385.76781815281873,400.0226886667662,440.36370079963496,449.325571197855,451.22812583660885,0.0,0.0,0.0,0.0,406.2629079468343,104.40906852444817,385.76781815281873,400.0226886667662
2671,9,319.4920532179664,319.4920532179664,335.3698617371651,342.6312648350884,344.4332369659964,350.7274587458937,368.86051862295767,0.0,0.0,0.0,0.0,339.7589665985602,49.3684654049913,335.3698617371651,342.6312648350884
2672,9,408.91224095846553,414.4121788677962,420.8571548695709,422.3581718419559,422.67782968339526,422.7746865562312,423.16211404757485,0.0,0.0,0.0,0.0,419.68765612058485,19.749810998439898,420.8571548695709,422.3581718419559
2675,10,482.60979846338324,483.81718148410914,497.6298260442203,497.9099986118107,498.54804730301146,498.83699066245356,499.98568381982653,0.0,0.0,0.0,0.0,495.2096652325114,18.583268377169134,497.6298260442203,497.9099986118107
2678,4,54.453239472462755,108.15240811775887,269.2499140536472,358.74852846247404,358.74852846247404,358.74852846247404,358.74852846247404,0.25,0.25,0.25,0.25,269.2499140536472,357.9944576353074,269.2499140536472,358.74852846247404
2680,10,447.1617055974685,448.25024554523696,449.0689990880496,450.7408846107761,453.26455298463895,453.995591684612,454.56829100089294,0.0,0.0,0.0,0.0,450.8615594283442,8.49512535119294,449.0689990880496,450.7408846107761
2681,10,438.8331046800748,439.07271462573607,439.3128506393267,440.1320292121646,440.79671530816483,449.2667913386533,449.2667913386533,0.0,0.0,0.0,0.0,441.6609335868222,10.673296604239795,439.3128506393267,440.1320292121646
2700,10,411.3701551773659,413.8680580451306,416.02653746322767,416.5037256422323,416.85266778360193,417.8203639129607,421.0655594033667,0.0,0.0,0.0,0.0,416.04006869870574,12.193307093765497,416.02653746322767,416.5037256422323
2701,9,358.02961241834106,359.1163622680049,362.1332476019896,362.84590174537357,363.03573709583264,363.0484972404109,363.0995378187237,0.0,0.0,0.0,0.0,361.7667587333621,6.156675250046476,362.1332476019896,362.84590174537357
2702,10,371.577970713056,374.7817036177518,375.7670446233448,375.8520355630565,376.09638736796603,379.9325825752184,381.6367141215387,0.0,0.0,0.0,0.0,376.0569290009759,13.262476313178581,375.7670446233448,375.8520355630565
2703,10,425.41752952393756,425.41752952393756,425.69012531490483,425.901743937694,426.0533730312769,427.0097945286451,429.5621107306996,0.0,0.0,0.0,0.0,426.25022940953994,4.144581206762041,425.69012531490483,425.901743937694
2705,9,424.2675838538095,424.33117648390726,424.51185399578276,425.31847634267814,425.99004309116435,428.6183451836991,432.10234284828636,0.0,0.0,0.0,0.0,426.06127149790353,7.898351624574559,424.51185399578276,425.31847634267814
2706,10,460.9811076352516,461.0768342528458,461.2930042535395,462.4897492414057,462.9419454052867,470.9728466055143,493.1582985798991,0.0,0.0,0.0,0.0,465.7266243527614,32.27291756224167,461.2930042535395,462.4897492414057
2707,10,475.9068739054065,475.9068739054065,476.805618483352,478.2058581871248,478.41687311588083,480.54809775213835,481.0970174265338,0.0,0.0,0.0,0.0,478.03208114954487,5.190143521127311,476.805618483352,478.2058581871248
2710,9,579.9045763433093,580.3985878043231,580.9301546640347,580.9595687131881,581.3503004434991,582.126631118999,582.2804354798125,0.0,0.0,0.0,0.0,581.0806676272274,2.8698705975170924,580.9301546640347,580.9595687131881
2711,10,517.1053862336871,518.0460266979678,564.7059710132858,564.949783682169,565.9225607844418,589.6676877178136,589.6676877178136,0.0,0.0,0.0,0.0,560.4739194779162,73.50294194840728,564.7059710132858,564.949783682169
2712,10,509.42426844502086,511.11087421476725,514.2522523135499,514.6070154904952,515.2450692762525,519.1605032456996,526.2234419569724,0.0,0.0,0.0,0.0,515.191531137187,18.485779281697887,514.2522523135499,514.6070154904952
2713,10,524.1728063388219,528.0991602512089,532.9618122187246,533.1220550417595,533.7896473673047,533.9864424233118,534.3350181490744,0.0,0.0,0.0,0.0,531.6934136793087,14.088565722639373,532.9618122187246,533.1220550417595
2714,9,540.4313027162204,540.5196201187744,540.6849794219539,541.093156019156,541.5679899531356,546.5538793322111,565.9480256611884,0.0,0.0,0.0,0.0,543.807685486895,25.605040347521822,540.6849794219539,541.093156019156
2715,10,682.9346995847844,682.9829265943168,683.0863414760366,683.211139340456,683.6573577631829,698.6367083795582,713.1102882681372,0.0,0.0,0.0,0.0,687.5845310901749,30.223815692885296,683.0863414760366,683.211139340456
2716,9,508.61742335777643,508.61742335777643,508.61742335777643,509.1418398311597,509.8822094138899,509.9170209430941,509.9170209430941,0.0,0.0,0.0,0.0,509.2215600963207,1.299597585317656,508.61742335777643,509.1418398311597
2717,10,813.4463421339217,813.4463421339217,815.5520802676574,817.5836582443092,818.8201498680498,818.9346945894721,819.035800394371,0.0,0.0,0.0,0.0,816.9071047067852,5.589458260449305,815.5520802676574,817.5836582443092
2720,10,302.0551334273599,304.2798564322149,304.8252399913942,305.15424969879734,314.25459390365666,317.3378672781055,317.47932034609323,0.0,0.0,0.0,0.0,308.215895110794,17.648909923588235,304.8252399913942,305.15424969879734
2721,10,289.7894434838426,290.02646562502497,290.60432726212764,294.495498221132,295.5112028595031,305.6185894682639,309.54369222193225,0.0,0.0,0.0,0.0,295.5993139361543,19.991270879272008,290.60432726212764,294.495498221132
2722,10,296.41761507728387,297.8263659435554,298.17995822494345,298.8485713020814,299.72866284055374,301.7685490828267,312.809596756839,0.0,0.0,0.0,0.0,300.00679947125093,17.800732545826634,298.17995822494345,298.8485713020814
2725,10,290.09852103350073,291.716502045148,292.9146164035376,292.9343498938052,293.74434515795167,296.86248379586823,299.97864001564267,0.0,0.0,0.0,0.0,293.5902679499588,11.49809999378914,292.9146164035376,292.9343498938052
2726,10,264.9246424979598,265.25449077422934,266.9572705829651,267.4149313836436,267.9538320853476,268.23004897783153,268.23004897783153,0.0,0.0,0.0,0.0,267.10594162877624,3.6352547561413076,266.9572705829651,267.4149313836436
2727,9,261.89845291964645,263.28219606440257,276.7299743317292,282.7347517388365,286.0332066212785,288.8304110990465,290.6023224413771,0.0,0.0,0.0,0.0,279.64365009434874,30.087612666486734,276.7299743317292,282.7347517388365
2729,6,316.20737766281945,316.2295243611944,316.28897807369276,316.4475012642723,316.75899323031354,317.107339703164,317.38953626844534,0.0,0.0,0.0,0.0,316.5947884428769,1.2043053040007976,316.28897807369276,316.4475012642723
2730,10,319.8506718622892,319.8506718622892,323.3212439613719,324.28795218589676,324.6221555188946,325.41138920561224,330.4964946876024,0.0,0.0,0.0,0.0,323.9583686919348,10.645822825313246,323.3212439613719,324.28795218589676
2731,10,622.0636108981199,622.0636108981199,622.1012239299691,622.2140630255168,622.2140630255168,622.4524389843679,622.4524389843679,0.0,0.0,0.0,0.0,622.2166025790681,0.3888280862479405,622.1012239299691,622.2140630255168
2732,9,652.8447884595917,654.4653029569171,655.3272384742115,655.6753786959877,655.9152458673192,655.9852421677061,655.9852421677061,0.0,0.0,0.0,0.0,655.1783942002189,4.7609682054398945,655.3272384742115,655.6753786959877
2733,9,642.7031122081894,646.4413682103432,649.0678363434331,649.3599870759451,655.0916397022362,657.3677297565632,666.303826915926,0.0,0.0,0.0,0.0,651.7028172819773,27.338970709890418,649.0678363434331,649.3599870759451
2734,3,672.6518746019117,672.6711265093145,672.7288822315229,672.8251417685369,677.8558071718944,680.874206413909,682.8864725752519,0.0,0.0,0.0,0.0,676.1147456794325,10.253849880743019,672.7288822315229,672.8251417685369
2735,7,704.4833672794177,704.4833672794177,704.753830570248,706.8607941152796,709.0219864192223,709.0219864192223,709.0219864192223,0.0,0.0,0.0,0.0,706.84539739898,4.538619139804609,704.753830570248,706.8607941152796
2736,7,705.7274731074201,707.4425011443373,709.9168620735745,710.2101776367697,710.3946597511075,710.3949525136424,710.3953916574447,0.0,0.0,0.0,0.0,709.3201511448689,6.382946586941671,709.9168620735745,710.2101776367697
2737,10,756.7080282885242,757.0559744489991,757.3743735466018,757.6491134970836,757.7051983830403,757.7574764252191,757.7599331089283,0.0,0.0,0.0,0.0,757.450769051062,1.3998509808787958,757.3743735466018,757.6491134970836
2738,7,802.057910352158,802.1424969081384,802.5945377659502,802.98524590682,802.9957809328864,803.6643137633987,804.665224329242,0.0,0.0,0.0,0.0,802.9720616328447,2.691900533064427,802.5945377659502,802.98524590682
2739,10,805.0258779955108,805.2653726367101,805.3825276266045,805.4696351977053,806.2607425689804,806.4935431726226,807.1956123474997,0.0,0.0,0.0,0.0,805.7821920633289,2.409228993188208,805.3825276266045,805.4696351977053
2745,10,22.88711997355822,23.01040788494759,23.41706001968455,23.94189903886476,24.313334370642707,24.66681411542754,25.012450512009597,0.0,0.0,0.0,0.0,23.8692047763758,2.248618449840741,23.41706001968455,23.94189903886476
2747,10,15.64150388345937,15.88476795812147,17.342316774309968,18.16884719060082,19.215295019983575,19.537262068915616,20.013777621776192,0.0,0.0,0.0,0.0,18.002804318510297,4.615537812978923,17.342316774309968,18.16884719060082
2748,10,17.888939707827383,17.994135997932947,18.734105696445503,19.221438646646128,20.72017455388045,22.105682157446335,22.197787236974744,0.0,0.0,0.0,0.0,19.74629196615421,4.414043819252921,18.734105696445503,19.221438646646128
2749,10,17.18163047685171,17.244204453732003,17.516868215945337,17.882016179925266,19.3644919554348,19.921517802296453,20.88699098308785,0.0,0.0,0.0,0.0,18.41706631812513,3.7679344831164343,17.516868215945337,17.882016179925266
2750,10,19.806963726462975,19.8485674468774,20.19183874301063,20.680178481550648,22.593338022278957,24.65891453885132,25.518885860478743,0.0,0.0,0.0,0.0,21.568625137994445,5.753525854430194,20.19183874301063,20.680178481550648
2752,9,35.56498071079294,35.58007169039862,35.5918201143033,36.34239092091696,36.56620488399813,36.6444984229895,36.809872502984135,0.0,0.0,0.0,0.0,36.20454794803488,1.259982771796878,35.5918201143033,36.34239092091696
2753,10,15.846973835703807,16.54211556590836,17.481746428674565,19.765058733903345,23.723411775098434,27.240365834069596,29.742028328231196,0.0,0.0,0.0,0.0,20.917111129567523,14.590196222731945,17.481746428674565,19.765058733903345
2754,10,20.866223813623538,20.875066764800422,21.164283189255155,22.293400221942793,22.587607271211045,23.74249653203498,24.125784519636156,0.0,0.0,0.0,0.0,22.20290522053607,3.2684036571894985,21.164283189255155,22.293400221942793
2756,10,10.44624473701474,10.534346112882094,11.765641867203373,12.204418925308598,12.725917259578804,16.349087933699277,20.899096616549365,0.0,0.0,0.0,0.0,13.087692842820065,10.540953255401977,11.765641867203373,12.204418925308598
2757,10,23.421671922846176,23.421671922846176,23.657997011203644,25.18474014239956,25.855453729423918,25.999336744396764,25.999336744396764,0.0,0.0,0.0,0.0,24.84232832473094,2.577664821550588,23.657997011203644,25.18474014239956
2758,10,25.94252457901976,26.066549788475722,26.215989450657563,27.190716715690478,33.155720941716446,44.445324932960034,45.060759439278584,0.0,0.0,0.0,0.0,31.37229903204016,19.24226006971478,26.215989450657563,27.190716715690478
2759,10,14.93047424170537,15.083177508325145,15.21618708971948,15.911166361185876,16.50931818079902,16.85821453986147,16.98388198217355,0.0,0.0,0.0,0.0,15.900478648284274,2.2061110070879533,15.21618708971948,15.911166361185876
2760,10,13.6467908369069,13.926485781399231,14.538642000835003,14.983857863535858,14.983857863535858,15.046676548438342,15.612044712560692,0.0,0.0,0.0,0.0,14.726116471296711,2.2449488201461225,14.538642000835003,14.983857863535858
2761,10,5.655497110709829,5.704257848646799,7.001998063929218,7.954959711311316,8.295073342311635,9.283979172903795,10.194532681476499,0.0,0.0,0.0,0.0,7.751901670456347,4.5877963087036395,7.001998063929218,7.954959711311316
2762,10,2.074778114557899,2.2312141198572424,3.0187699761153604,3.0187699761153604,3.0187699761153604,3.0311549765623593,3.1426199805853523,0.0,0.1,0.2,1.0,2.845832959924186,1.2242778713267968,3.0187699761153604,3.0187699761153604
2763,10,2.5093141643037074,2.5342454503069565,3.078892177321693,3.4087886482628145,3.586026272720709,4.043476351708305,4.4236795326423515,0.0,0.0,0.2,1.0,3.3574828644074812,1.9392966543418937,3.078892177321693,3.4087886482628145
2765,10,3.908782053936065,4.261303093230106,4.628433433335794,5.1334893907216905,6.34554840333104,6.495023013739037,7.597860792412338,0.0,0.0,0.0,0.4,5.422764341834737,4.041599777770315,4.628433433335794,5.1334893907216905
2766,10,9.890579400489644,9.933770182075275,10.154100037851794,10.31190761535559,10.3704680023012,10.721591399425066,11.170550159521293,0.0,0.0,0.0,0.0,10.338851808821278,1.3231615406172779,10.154100037851794,10.31190761535559
2767,10,6.133319192541027,6.419110088986194,6.67619841845892,6.836270566541508,7.389625633026588,7.550150478088268,7.665680444264128,0.0,0.0,0.0,0.0,6.91731735864919,1.8181521481682683,6.67619841845892,6.836270566541508
2768,10,1.1567530512395334,1.1816110838644274,1.3287821695366457,1.8528978715384352,2.1263122028253676,2.169316998834448,2.2492895308621406,0.0,0.6,1.0,1.0,1.7342236490847682,1.117394512247501,1.3287821695366457,1.8528978715384352
2769,10,1.0660079796564306,1.0714229384498235,1.4769647654044813,2.14019413596524,2.442800201973569,2.533105557350935,2.533105557350935,0.0,0.3,1.0,1.0,1.9545064932686258,1.4725125364878975,1.4769647654044813,2.14019413596524
2770,10,10.1803317456605,10.55933532892991,10.827970770922143,11.267233236166074,11.595211407163802,11.939037835204358,12.587199495893811,0.0,0.0,0.0,0.0,11.241063060961082,2.7858713335027208,10.827970770922143,11.267233236166074
2773,10,26.612571106541388,26.66558824872025,26.797050167768855,27.212242307212886,27.91613662188516,27.94562542641485,27.99202799675256,0.0,0.0,0.0,0.0,27.324647085744648,1.43247403239004,26.797050167768855,27.212242307212886
2774,10,25.879883185309815,26.02538982478415,26.351431291135277,27.411539378203344,28.177338701942187,28.519368271848318,28.660408867934223,0.0,0.0,0.0,0.0,27.276807591343015,2.9260323220987416,26.351431291135277,27.411539378203344
2775,8,30.61254973580719,30.61254973580719,30.701259875028363,32.35076342308495,34.72293492034534,37.338298134439086,38.17514633138183,0.0,0.0,0.0,0.0,33.22286855031424,7.562596595574643,30.701259875028363,32.35076342308495
2776,10,32.41332875621408,32.47024847494956,32.50767087746265,33.270992355767774,34.06093558254285,34.392194281108935,34.64504503204248,0.0,0.0,0.0,0.0,33.344536127422,2.28863599456389,32.50767087746265,33.270992355767774
2777,10,25.552542506831152,26.808082990461276,27.72913405017917,28.652890945184648,30.536266696650944,32.002164529126475,32.50237567799795,0.0,0.0,0.0,0.0,28.9347526205966,8.205373654796922,27.72913405017917,28.652890945184648
2778,10,36.27867978240409,36.31108257930172,38.117612231338576,40.00274727193798,40.34079050171145,40.38542768727474,40.616940241729544,0.0,0.0,0.0,0.0,39.05150734736581,4.370663256223089,38.117612231338576,40.00274727193798
2779,10,41.233003529576166,41.23724105587324,41.40928168413119,41.8366966272242,42.09409367741532,42.27588712030046,42.444120039382355,0.0,0.0,0.0,0.0,41.798013846793246,1.215354036103264,41.40928168413119,41.8366966272242
2780,10,52.87061423723734,53.1362744733393,53.59232839008187,54.27231601991447,54.77141499612694,56.04568639792195,56.10481102282798,0.0,0.0,0.0,0.0,54.32452110776751,3.4998570216926055,53.59232839008187,54.27231601991447
2782,10,47.3686444864581,47.3686444864581,48.41284654914696,48.57791808166166,49.333662942378496,49.54369575700973,49.65556607080293,0.0,0.0,0.0,0.0,48.64206729365988,2.2869215843448245,48.41284654914696,48.57791808166166
2783,10,43.35313052605167,43.67863082642815,43.89916290376427,44.31092651368646,44.81601176789082,44.89057420301122,44.90874700208954,0.0,0.0,0.0,0.0,44.266343535215505,1.8811167764143448,43.89916290376427,44.31092651368646
2784,10,45.26167034987668,45.278397960781035,45.333503267524804,45.6677953429126,45.97187631192798,46.04104637196594,46.22950014989321,0.0,0.0,0.0,0.0,45.67154811577371,0.9845574109208783,45.333503267524804,45.6677953429126
2785,10,56.14699314985733,56.19617712016412,56.688797110535496,57.04668225546795,57.681792179796915,57.83582902142463,58.13771405521801,0.0,0.0,0.0,0.0,57.10721174896473,2.0399048756674745,56.688797110535496,57.04668225546795
2786,10,55.42587823721612,59.97649235951408,61.28781072941929,61.67701348451688,61.82627427032663,61.93297345328701,62.057866470991094,0.0,0.0,0.0,0.0,60.54533937902492,11.182602356072934,61.28781072941929,61.67701348451688
2787,10,90.83677908340742,91.81669160890611,93.59112907931589,96.31874660854201,97.36730298242281,97.61566066078846,97.94057284615282,0.0,0.0,0.0,0.0,95.19999305465778,8.083706288244102,93.59112907931589,96.31874660854201
2790,10,69.73682349436913,71.67515337513733,72.68147382577808,72.88690681520019,74.07302077966183,74.65171398190903,77.91107824107641,0.0,0.0,0.0,0.0,73.12865424696186,10.112584627475485,72.68147382577808,72.88690681520019
2791,10,162.36752603315102,163.22911658721225,163.61082009109427,163.70222449787275,163.82445686523562,164.51343220280003,170.70626382568474,0.0,0.0,0.0,0.0,164.17641168452136,9.200328346594915,163.61082009109427,163.70222449787275
2792,10,169.41633032971632,169.56857125639274,169.6821143422562,169.70043029719395,169.83048207365798,175.7467317708498,177.15277091207298,0.0,0.0,0.0,0.0,170.9989478793655,7.88868150903312,169.6821143422562,169.70043029719395
2793,10,182.87697167274953,186.9660265840981,188.38943650350225,190.65256738269164,190.9298974361948,191.20969158635654,192.4094937042398,0.0,0.0,0.0,0.0,189.10137905823893,13.621576942838857,188.38943650350225,190.65256738269164
2794,10,204.88945404001507,204.88945404001507,205.83754130760963,206.57203160988809,208.1350138305996,215.05330454972835,217.44881274556232,0.0,0.0,0.0,0.0,208.24574520354022,12.559358705547254,205.83754130760963,206.57203160988809
2795,10,117.91231967409095,117.91231967409095,120.76771433404991,127.09217701015027,130.18337035810058,130.7269233757409,130.75819989374338,0.0,0.0,0.0,0.0,125.40856214234645,12.845880219652429,120.76771433404991,127.09217701015027
2797,7,172.28124488382886,172.54997105744732,172.96076068355785,173.492435143588,177.39393391693534,178.5541203855843,179.58410531494397,0.0,0.0,0.0,0.0,175.1140640528184,7.57158660473354,172.96076068355785,173.492435143588
2798,9,161.81048646680176,161.94806165515413,162.01684924933033,162.2283774640374,162.31704146699363,164.77070380949468,171.7783337480258,0.0,0.0,0.0,0.0,163.26308650218917,10.10542246957641,162.01684924933033,162.2283774640374
2799,10,154.21291283684255,154.238778561835,154.6299459024948,155.16532508693552,155.89455046312304,157.7824394987991,159.71879124436862,0.0,0.0,0.0,0.0,155.69680662723968,5.531744132518526,154.6299459024948,155.16532508693552
2800,10,173.34014511450306,173.35134876649076,173.53528728771795,173.92090338846288,175.33638551182415,176.43483319370097,177.11613938253987,0.0,0.0,0.0,0.0,174.5569413440143,3.7871979200245107,173.53528728771795,173.92090338846288
2803,8,221.25097394081118,222.3589193496751,223.30858684298704,229.92806172251812,232.8237954203365,233.3972935056138,234.59515675995502,0.0,0.0,0.0,0.0,228.36239483454244,14.45212822800778,223.30858684298704,229.92806172251812
2804,10,206.43204037702841,207.52240325148122,207.96386840317496,208.84784892640923,210.94635493701182,212.48725784023907,220.28289024782413,0.0,0.0,0.0,0.0,209.9553547722707,14.94121274524852,207.96386840317496,208.84784892640923
2805,9,226.32658346543235,227.39297969268003,228.56868705566768,228.66817359086608,228.82370928806228,228.84723893074386,228.94135750147024,0.0,0.0,0.0,0.0,228.26715534581632,3.6811702632855656,228.56868705566768,228.66817359086608
2806,8,229.89497056495634,230.68062105446967,233.54354666222758,236.0520514306104,236.42873415059756,238.13167532245077,240.4893621922213,0.0,0.0,0.0,0.0,235.08116776427448,11.38004211677827,233.54354666222758,236.0520514306104
2807,10,219.9357085007691,219.9357085007691,220.0790239915637,220.44517236531004,220.93992165639622,224.1736499230326,224.26700930737277,0.0,0.0,0.0,0.0,221.1067137708561,4.331300806603679,220.0790239915637,220.44517236531004
2809,10,230.63730430570862,230.94770774965863,233.4684297502071,233.58305274248028,233.7260107717143,238.5421803346995,240.6234823046732,0.0,0.0,0.0,0.0,234.1830980763727,10.296581442914572,233.4684297502071,233.58305274248028
2810,10,254.09123083749782,254.2930411761458,254.4387016629735,255.4741291733807,255.98484301175003,259.1523578380419,261.0773520579257,0.0,0.0,0.0,0.0,255.9831090838008,7.1879315590758495,254.4387016629735,255.4741291733807
2817,8,310.1830095557467,311.3437163621156,312.41607482613824,312.5322424655277,312.71408002842827,315.02589756200643,319.2132335031355,0.0,0.0,0.0,0.0,312.98168953422714,10.190930753757584,312.41607482613824,312.5322424655277
2818,10,238.9957864008898,240.5150286769034,240.88638178339528,241.0884526142351,241.762298931317,245.14179889676734,245.33457798288964,0.0,0.0,0.0,0.0,241.59021880683576,7.8580338580133855,240.88638178339528,241.0884526142351
2820,9,221.32798003678036,221.38626617644013,221.53100344553036,222.66161255910157,223.74468078506135,224.86455039012586,226.79643697224245,0.0,0.0,0.0,0.0,222.9913595130304,5.526743075121885,221.53100344553036,222.66161255910157
2821,10,291.22404046207356,293.0988299791569,296.09079053731443,296.74683058462443,297.1443728644868,298.60513084141314,309.47236183962383,0.0,0.0,0.0,0.0,296.9783494755648,20.123110894633612,296.09079053731443,296.74683058462443
2822,9,282.267560669868,282.80805322275836,283.91008213525373,288.4077246878126,288.6382969925701,298.1536109192381,303.34696205889736,0.0,0.0,0.0,0.0,289.12179330087355,21.619893941919827,283.91008213525373,288.4077246878126
2823,10,315.0025475959241,321.6563067789969,329.2447996030374,329.8849635748634,345.0399440381584,345.4575967065599,345.4575967065599,0.0,0.0,0.0,0.0,333.0043941748685,37.10880829370859,329.2447996030374,329.8849635748634
2824,6,355.111287478092,355.70819738849207,357.4132665573411,360.68942325436296,362.7075993865966,374.7252385381759,386.6509551966358,0.0,0.0,0.0,0.0,363.7076197270103,32.13657762894388,357.4132665573411,360.68942325436296
2825,10,419.4831145641566,419.5144089107828,419.59453623949224,420.013733611259,420.12682420649173,420.3836132637557,421.28783899252795,0.0,0.0,0.0,0.0,420.0004832631195,1.8360187749974557,419.59453623949224,420.013733611259
2826,9,362.2636406500856,362.2636406500856,362.32013023607374,362.405278583368,362.86100323203,370.49981604157,376.121099313939,0.0,0.0,0.0,0.0,364.68470621437,13.857458663853379,362.32013023607374,362.405278583368
2827,10,304.2829588055409,304.45696076904164,304.9201082300012,305.8657118710014,331.7997747594627,342.6993352883152,352.4042184923516,0.0,0.0,0.0,0.0,318.82429223418814,48.29526165031143,304.9201082300012,305.8657118710014
2828,8,340.8857931953229,342.68700932437537,346.06481548652187,347.195119397037,350.7423212085583,357.15303120469883,368.2559905090431,0.0,0.0,0.0,0.0,349.40300099017253,29.171413442772746,346.06481548652187,347.195119397037
2829,10,385.11100362862913,385.1886152418208,385.28398664355655,385.5588107187016,386.1225341850387,389.13558574005964,393.9528561147124,0.0,0.0,0.0,0.0,386.66302334006616,8.91946409927499,385.28398664355655,385.5588107187016
2830,10,259.8566998894023,263.31652921541496,265.7260794842615,268.3542308684321,269.6592058039167,272.0532413180611,283.36101531120653,0.0,0.0,0.0,0.0,268.2169938549317,26.96414474781693,265.7260794842615,268.3542308684321
2831,9,424.919015660665,431.3298718398895,457.8807789834276,463.2714643167506,469.363997850883,469.6954305290786,470.9291318903105,0.0,0.0,0.0,0.0,457.3323634530353,52.420972408869886,457.8807789834276,463.2714643167506
2832,10,432.78257423753814,432.78257423753814,445.05375741592536,485.3014858268625,485.79559407479945,529.5582218973618,530.1579169135225,0.0,0.0,0.0,0.0,478.20401683028194,97.37534267598437,445.05375741592536,485.3014858268625
2833,10,511.0724090803539,511.1749462298499,511.3574883858307,511.4244465424631,511.49483104356443,546.8965006999514,559.6622270476138,0.0,0.0,0.0,0.0,519.5846885200807,48.69235511675589,511.3574883858307,511.4244465424631
2834,6,548.2341209051664,548.2627699151717,548.3200679351826,548.4619308264998,548.7201668039716,548.8592257020539,548.959493571418,0.0,0.0,0.0,0.0,548.5279754812418,0.7540216762570253,548.3200679351826,548.4619308264998
2835,10,534.2579001271935,534.3094558588041,534.5221122678619,534.6512298672111,534.8041784422687,534.9157284373975,535.1782927277692,0.0,0.0,0.0,0.0,534.6560890911626,0.9719483321862299,534.5221122678619,534.6512298672111
2836,8,742.9904864023821,742.9904864023821,742.9904864023821,743.3526549209766,799.4741698847452,810.2789703106145,835.1876077814825,0.0,0.0,0.0,0.0,768.7373954151101,92.1971213791004,742.9904864023821,743.3526549209766
2838,9,573.4327540308099,575.963476691609,589.5758218787186,605.07341690169,605.2233660913998,605.3805031141204,605.4649172100977,0.0,0.0,0.0,0.0,596.1224984521544,34.562885840087006,589.5758218787186,605.07341690169
2839,9,563.0149051905186,563.3087727101672,563.6858458042807,563.8028819618149,564.1781635909258,581.6767759487261,594.96670036093,0.0,0.0,0.0,0.0,568.7690386211148,32.24566269006016,563.6858458042807,563.8028819618149
2840,9,615.9847564441108,616.0842370618348,616.2031982723894,616.4175355730387,616.5243437356892,618.6910736069102,618.6910736069102,0.0,0.0,0.0,0.0,616.7963568708277,2.8057977805234486,616.2031982723894,616.4175355730387
2842,8,265.5995579444745,265.91150771777814,266.26754818804056,266.3806689606668,266.68020073497513,266.8424801571414,267.12595098904916,0.0,0.0,0.0,0.0,266.37981078032226,1.8383428178782992,266.26754818804056,266.3806689606668
2843,10,235.29469350874217,235.37316475445047,235.39297904259695,235.62149611135197,235.89476020461254,237.1046353321213,247.99351147970006,0.0,0.0,0.0,0.0,236.83183199406108,12.777289216666219,235.39297904259695,235.62149611135197
2844,9,219.41565391949896,220.54816117135505,227.98032131659517,232.53547620990284,233.38368729764264,235.20492941502073,240.7541033022519,0.0,0.0,0.0,0.0,230.04371454696488,22.470956634609024,227.98032131659517,232.53547620990284
2845,10,83.4113164009621,83.43183947204251,83.58943740924794,83.73880772514958,83.89081320347742,84.01463680975718,84.75516462321931,0.0,0.0,0.0,0.0,83.78697452487158,1.3643712933376406,83.58943740924794,83.73880772514958
2846,8,86.33359698134183,86.82781479670136,89.93954986591984,91.98311548345919,93.47893901516976,96.76851259579036,104.38826133148014,0.0,0.0,0.0,0.0,92.40684341837837,18.548882165497844,89.93954986591984,91.98311548345919
2847,10,92.39434928550111,92.81207024305154,93.37619412387346,94.01071169374339,94.13447607548119,94.50153948492557,94.8829945893485,0.0,0.0,0.0,0.0,93.73926695484384,2.906366261397835,93.37619412387346,94.01071169374339
2848,10,123.33676215163857,124.55915608660598,125.22715825429246,126.55840134415536,126.82933710225683,126.92641614032719,127.04912267284793,0.0,0.0,0.0,0.0,125.82299692074267,4.93475445617679,125.22715825429246,126.55840134415536
2849,7,129.8837714598515,130.6095072670093,131.79467352692512,132.02868454984414,132.4173936042094,142.2062785289338,156.41273101783872,0.0,0.0,0.0,0.0,135.1462264975208,27.254695365145068,131.79467352692512,132.02868454984414
2850,10,154.24816544561955,161.19163038867964,166.87955340386074,172.76861299705163,174.51353571243544,178.55248494083,179.6650455929284,0.0,0.0,0.0,0.0,169.98287719228458,32.36034509036895,166.87955340386074,172.76861299705163
2852,10,191.81639474499178,192.3510369184008,193.36152222494553,195.52972261297356,205.0597534278369,210.416451171066,218.71896687185358,0.0,0.0,0.0,0.0,199.63671898363594,27.437214300270824,193.36152222494553,195.52972261297356
2864,10,200.27377358895887,202.52142683886026,203.81354552895473,205.760910637778,206.18028856068133,206.82716473090989,212.57798901627714,0.0,0.0,0.0,0.0,205.2319686704299,14.551868677219687,203.81354552895473,205.760910637778
2865,10,208.605681606908,210.19517023134927,212.15198284602812,213.06559606519778,218.279827055124,222.19853244360826,228.58192518816233,0.0,0.0,0.0,0.0,215.14606290230518,21.565732205695554,212.15198284602812,213.06559606519778
2866,8,199.14657495083122,200.04349605840372,200.821820691592,200.95768744003755,201.6256259545957,202.1965124766873,202.1965124766873,0.0,0.0,0.0,0.0,200.95383359568956,3.9468586334285476,200.821820691592,200.95768744003755
2867,10,213.86452352579323,214.38565442663514,214.51408734176877,215.98870741825414,218.43502537794606,218.88027917968554,220.91537558749462,0.0,0.0,0.0,0.0,216.52183814806068,7.571982962543331,214.51408734176877,215.98870741825414
2868,5,225.61152253526782,225.99401088139368,227.14147591977118,234.75521052902428,235.78261697873776,238.90233449363748,240.98214617023729,0.0,0.0,0.0,0.0,232.77809675738254,15.753111981095287,227.14147591977118,234.75521052902428
2869,9,274.0258535434679,274.0650340744654,274.118489953866,274.7798012028161,274.95413201605555,277.79423834511664,282.09445888183905,0.0,0.0,0.0,0.0,275.5596288238687,8.10778586936857,274.118489953866,274.7798012028161
2870,10,259.3807578855367,259.5990133234653,260.20221276431073,261.0971717782493,261.6491551874615,262.1515803474961,264.7113193659024,0.0,0.0,0.0,0.0,261.127600157035,5.5488169182942215,260.20221276431073,261.0971717782493
2871,7,269.7553482293295,269.7690451686696,269.90911379136196,270.10716875589947,271.2850254678551,271.51562897512,271.6519905584052,0.0,0.0,0.0,0.0,270.55558416038974,1.9103392684157825,269.90911379136196,270.10716875589947
2873,10,357.03255035234906,357.9782078394106,368.0112672868658,368.31474423830394,368.5979000484208,368.77512219064397,368.97676188315586,0.0,0.0,0.0,0.0,366.18922302466973,12.889869017868307,368.0112672868658,368.31474423830394
2874,9,324.4116089735062,324.84676909545595,332.14820174343174,332.45325629174107,332.45325629174107,334.30008804465297,341.6874150563006,0.0,0.0,0.0,0.0,331.6825218073806,17.71096620474418,332.14820174343174,332.45325629174107
2875,7,304.3195685726047,306.4382475451985,309.30012804755154,309.88720101630327,323.73480445703365,338.03912886078353,342.040360789998,0.0,0.0,0.0,0.0,317.1711880593547,39.839471189987194,309.30012804755154,309.88720101630327
2876,8,277.70232316909875,277.7040802302114,277.7055862825937,295.00835268550054,295.3898375041882,295.5249673783199,295.63215471450076,0.0,0.0,0.0,0.0,288.6999669245764,17.93158860651465,277.7055862825937,295.00835268550054
2877,8,351.4780582098956,351.9626743252858,353.7383732148072,354.8656558932191,363.75461772136424,404.4374618765981,444.47942659812213,0.0,0.0,0.0,0.0,369.3705776675899,93.48598450361669,353.7383732148072,354.8656558932191
2878,10,603.9848098761862,616.9662591966113,619.8510257122614,620.2562454575999,620.2562454575999,620.7664454715698,625.3582455972985,0.0,0.0,0.0,0.0,617.7195910577843,34.3548850415375,619.8510257122614,620.2562454575999
2879,10,773.9998649563802,792.9960262453094,802.9805731613204,807.8447883671516,815.1615116269431,815.4767364586734,815.667586293326,0.0,0.0,0.0,0.0,803.5139919711412,60.663882625874976,802.9805731613204,807.8447883671516
2880,10,901.9495289499988,902.1572127226963,902.2808498830609,903.6548306756426,905.2741081765729,905.4732946844387,905.501329292812,0.0,0.0,0.0,0.0,903.7092441202267,3.759484115510645,902.2808498830609,903.6548306756426
3644,10,535.1565769317059,535.1565769317059,535.5998844375763,535.7314320822798,536.0547168507189,536.2308279062687,536.318822750443,0.0,0.0,0.0,0.0,535.7510295508175,1.1622458187371194,535.5998844375763,535.7314320822798
3691,10,442.08487496450505,442.30899821635813,442.8379284745777,442.8787733177551,442.93948311797715,442.97939052506587,443.3385571888645,0.0,0.0,0.0,0.0,442.78099652235505,1.477805476212552,442.8379284745777,442.8787733177551
3707,9,371.166366672586,371.166366672586,374.2470720539471,375.9392042829944,377.084416023255,378.2096179367926,379.7904525315244,0.0,0.0,0.0,0.0,375.5089079470045,8.624085858938429,374.2470720539471,375.9392042829944
4377,8,580.1867128098671,580.218673681477,580.2460687142855,581.0665953422241,581.8458128284753,581.9573009868828,582.2174400231671,0.0,0.0,0.0,0.0,581.0861432164243,2.062688084909837,580.2460687142855,581.0665953422241
4380,5,523.6742212520807,523.6742212520807,523.6742212520807,523.6742212520807,527.273591233437,555.7555053496885,574.7434480938563,0.0,0.0,0.0,0.0,534.6079406167071,51.06922684177562,523.6742212520807,523.6742212520807
4383,10,535.5022691086606,537.3639089308303,538.0107977217167,538.2112354768352,538.2666671406339,538.3565312684206,538.8250962741383,0.0,0.0,0.0,0.0,537.7577683601307,5.184466987647511,538.0107977217167,538.2112354768352
4385,7,531.3183071419901,531.4115543263241,534.0269853048814,536.5207138560187,559.6548294335952,559.6548294335952,559.6548294335952,0.0,0.0,0.0,0.0,544.9663189606033,28.429769475938997,534.0269853048814,536.5207138560187
